scope,state_code,state,section,rank,label,value,proposal_number,project_name,organization,district,status,application_date,grant_date,total_cost_lakhs,land_ha,proposal_url
all,,All India,stat,,projects,10620,,,,,,,,,,
all,,All India,stat,,active_projects,6423,,,,,,,,,,
all,,All India,stat,,applications,6426,,,,,,,,,,
all,,All India,stat,,ec_granted,2399,,,,,,,,,,
all,,All India,stat,,ec_pending,3908,,,,,,,,,,
all,,All India,stat,,ec_rejected,81,,,,,,,,,,
all,,All India,stat,,delisted_or_removed,4197,,,,,,,,,,
all,,All India,stat,,total_cost_lakhs,817200643.64,,,,,,,,,,
all,,All India,stat,,cost_outliers_excluded,99,,,,,,,,,,
all,,All India,stat,,total_land_ha,7419763.1797,,,,,,,,,,
all,,All India,stat,,latest_application,2026-09-26T06:34:55.901+00:00,,,,,,,,,,
all,,All India,stat,,latest_grant,2026-09-28T11:58:22.368+00:00,,,,,,,,,,
all,,All India,stat,,changes_added,17,,,,,,,,,,
all,,All India,stat,,changes_removed,19,,,,,,,,,,
all,,All India,stat,,changes_updated,12,,,,,,,,,,
all,,All India,stat,,changes_status,9,,,,,,,,,,
all,,All India,stat,,compared_with,2026-09-30T16:00:09+05:30,,,,,,,,,,
all,,All India,status,,DELISTED_BY_SYSTEM,3260,,,,,,,,,,
all,,All India,status,,(none),1121,,,,,,,,,,
all,,All India,status,,Final Diversion Order Issued,1040,,,,,,,,,,
all,,All India,status,,EC Granted,938,,,,,,,,,,
all,,All India,status,,REMOVED,937,,,,,,,,,,
all,,All India,status,,Under Verification,256,,,,,,,,,,
all,,All India,status,,Pending on UA for Compensatory Levies Payment,255,,,,,,,,,,
all,,All India,status,,Pending at UA for Compensatory Levies Payment and Compliance Report,249,,,,,,,,,,
all,,All India,status,,Pending at DFO for Scrutiny and Recommendation,228,,,,,,,,,,
all,,All India,status,,Pending at UA for Compliance Report,175,,,,,,,,,,
all,,All India,status,,Pending at UA due to EDS by DFO,120,,,,,,,,,,
all,,All India,status,,ToR Granted,116,,,,,,,,,,
all,,All India,status,,Proposal Accepted and Referred to SEAC,115,,,,,,,,,,
all,,All India,status,,Pending at DFO due to EDS by Nodal Officer,106,,,,,,,,,,
all,,All India,status,,EDS raised,104,,,,,,,,,,
all,,All India,status,,Pending at Nodal Officer for Recommendation,90,,,,,,,,,,
all,,All India,status,,Under Examination,84,,,,,,,,,,
all,,All India,status,,Referred to SEAC,84,,,,,,,,,,
all,,All India,status,,Pending at PP due to EDS by DFO,82,,,,,,,,,,
all,,All India,status,,Pending at UA for DFO EDS Reply,81,,,,,,,,,,
all,,All India,status,,EC Rejected,81,,,,,,,,,,
all,,All India,status,,Under Examination with SCZMA,70,,,,,,,,,,
all,,All India,status,,TOR Granted,67,,,,,,,,,,
all,,All India,status,,Pending at UA due to EDS by MS after PSC-I,63,,,,,,,,,,
all,,All India,status,,Standard ToR Granted,55,,,,,,,,,,
all,,All India,status,,Referred to SEIAA,52,,,,,,,,,,
all,,All India,status,,ADS Raised,47,,,,,,,,,,
all,,All India,status,,Pending at MS for Acceptance in PSC-I,44,,,,,,,,,,
all,,All India,status,,REJECTED,42,,,,,,,,,,
all,,All India,status,,Pending at Nodal Officer due to EDS by State Secretary,36,,,,,,,,,,
all,,All India,status,,Forwarded to USS,36,,,,,,,,,,
all,,All India,status,,Pending at DFO for Compensatory Levies,30,,,,,,,,,,
all,,All India,status,,Proposal Withdrawal Request Accepted,27,,,,,,,,,,
all,,All India,status,,Pending at State Secretary for Recommendation,25,,,,,,,,,,
all,,All India,status,,Stage-II Accorded,25,,,,,,,,,,
all,,All India,status,,Proposal returned in present form,24,,,,,,,,,,
all,,All India,status,,Withdrawal Request Accepted,22,,,,,,,,,,
all,,All India,status,,Pending at MS SEIAA,20,,,,,,,,,,
all,,All India,status,,Proposal pulled back (withdrawn),20,,,,,,,,,,
all,,All India,status,,Rejected in PSC-I,19,,,,,,,,,,
all,,All India,status,,Forwarded to MS,16,,,,,,,,,,
all,,All India,status,,Pending at Technical Officer - IRO,15,,,,,,,,,,
all,,All India,status,,Referred to SCZMA,15,,,,,,,,,,
all,,All India,status,,CRZ Granted,15,,,,,,,,,,
all,,All India,status,,Pending at State Secretary for Compliance Review,14,,,,,,,,,,
all,,All India,status,,TOR GRANTED,14,,,,,,,,,,
all,,All India,status,,Approval Granted,13,,,,,,,,,,
all,,All India,status,,Pending at UA for CA Payment and Compliance Report,12,,,,,,,,,,
all,,All India,status,,Raised/Forwarded EDS to UA,12,,,,,,,,,,
all,,All India,status,,Pending at UA due to EDS by MS after PSC-II,12,,,,,,,,,,
all,,All India,status,,Pending at DFO/CF/Nodal Officer after acceptance in PSC-I,12,,,,,,,,,,
all,,All India,status,,Pending at Nodal Officer for Compliance Review,11,,,,,,,,,,
all,,All India,status,,"Pending at Technical Officer - MoEFCC, HQ",10,,,,,,,,,,
all,,All India,status,,Pending at DFO For Compliance Review,10,,,,,,,,,,
all,,All India,status,,Pending at PP due to EDS by Nodal Officer,9,,,,,,,,,,
all,,All India,status,,Application Rejected,8,,,,,,,,,,
all,,All India,status,,EDS Raised,8,,,,,,,,,,
all,,All India,status,,Accepted and Referred to SCZMA,8,,,,,,,,,,
all,,All India,status,,Pending at DFO/CF after acceptance in PSC-I,7,,,,,,,,,,
all,,All India,status,,Recommend to Town Planner Authority,7,,,,,,,,,,
all,,All India,status,,Pending on UA for Levies Payment,6,,,,,,,,,,
all,,All India,status,,ToR Rejected,6,,,,,,,,,,
all,,All India,status,,Forwarded,6,,,,,,,,,,
all,,All India,status,,Pending at State Secretary due to EDS by IRO,6,,,,,,,,,,
all,,All India,status,,Pending at MS for Recommendation in PSC-II,6,,,,,,,,,,
all,,All India,status,,Forwarded to DD,6,,,,,,,,,,
all,,All India,status,,Pending at State Secretary due to EDS by RO,6,,,,,,,,,,
all,,All India,status,,Pending at Technical Officer IRO for Stage-II Letter,5,,,,,,,,,,
all,,All India,status,,Proposal Accepted and Referred to EAC,5,,,,,,,,,,
all,,All India,status,,Pending at State Secretary for Recommendation and In-Principle Approval (Stage-I),5,,,,,,,,,,
all,,All India,status,,Pending at DFO due to EDS by MS After PSC-II,5,,,,,,,,,,
all,,All India,status,,Delisted,5,,,,,,,,,,
all,,All India,status,,Pending at CF for Compliance Review,4,,,,,,,,,,
all,,All India,status,,Granted,4,,,,,,,,,,
all,,All India,status,,ADS Raised to SCZMA,4,,,,,,,,,,
all,,All India,status,,Pending at DFO due to EDS by CF,3,,,,,,,,,,
all,,All India,status,,Pending at State Secretary for Recommendation after PSC-II,3,,,,,,,,,,
all,,All India,status,,Pending at State Government for Diversion Letter,3,,,,,,,,,,
all,,All India,status,,Pending at Nodal for Compensatory Levies Review,3,,,,,,,,,,
all,,All India,status,,Pending at Technical Officer - RO,3,,,,,,,,,,
all,,All India,status,,Pending at Technical Officer RO for Stage-II Letter,3,,,,,,,,,,
all,,All India,status,,"Pending at TO – MoEFCC, HQ for Final Approval",3,,,,,,,,,,
all,,All India,status,,Referred to EAC,3,,,,,,,,,,
all,,All India,status,,Pending at SS for Diversion Letter,2,,,,,,,,,,
all,,All India,status,,Return to UA,2,,,,,,,,,,
all,,All India,status,,"Pending at State Secretary due to EDS by MoEFCC, HQ",2,,,,,,,,,,
all,,All India,status,,"Pending at IGF - MoEFCC, HQ",2,,,,,,,,,,
all,,All India,status,,GRANTED,2,,,,,,,,,,
all,,All India,status,,Pending at MS for Proposal Withdraw,2,,,,,,,,,,
all,,All India,status,,"Pending at Nodal Officer due to EDS by State Secretary;",2,,,,,,,,,,
all,,All India,status,,EDS RAISED,1,,,,,,,,,,
all,,All India,status,,Withdrawn,1,,,,,,,,,,
all,,All India,status,,Pending at Scrutiny after PSC-I,1,,,,,,,,,,
all,,All India,status,,Pending at REC,1,,,,,,,,,,
all,,All India,status,,"Pending at Additional Director General of Forest - MoEFCC, HQ",1,,,,,,,,,,
all,,All India,status,,Forwarded to AS,1,,,,,,,,,,
all,,All India,status,,Pending at Technical Officer,1,,,,,,,,,,
all,,All India,status,,Pending at DIGF IRO for Stage-II Letter,1,,,,,,,,,,
all,,All India,status,,Rejected,1,,,,,,,,,,
all,,All India,status,,Pending at State Government For Recommendation,1,,,,,,,,,,
all,,All India,status,,Pending at UA due to EDS by Nodal Officer,1,,,,,,,,,,
all,,All India,status,,Pending at FAC,1,,,,,,,,,,
all,,All India,status,,"Pending at Director General of Forest - MoEFCC, HQ",1,,,,,,,,,,
all,,All India,status,,Pending at AIGF RO for Stage-II Letter,1,,,,,,,,,,
all,,All India,status,,Pending at UA for Nodal EDS Reply,1,,,,,,,,,,
all,,All India,status,,Pending at AIGF - RO,1,,,,,,,,,,
all,,All India,status,,Pending at UA for Compensatory Levies Payment,1,,,,,,,,,,
all,,All India,status,,Pending at DFO for Issue Approval letter,1,,,,,,,,,,
all,,All India,status,,Pending at State Secretary for Recommendation and Approval Letter,1,,,,,,,,,,
all,,All India,status,,ADS RAISED,1,,,,,,,,,,
all,,All India,status,,Forwarded to SO,1,,,,,,,,,,
all,,All India,status,,Rejected by State Secretary,1,,,,,,,,,,
all,,All India,status,,EDS_REPLIED,1,,,,,,,,,,
all,,All India,status,,Under Examinitaion,1,,,,,,,,,,
all,,All India,status,,Proposal Withdraw Request Accepted,1,,,,,,,,,,
all,,All India,status,,Query Raised,1,,,,,,,,,,
all,,All India,status,,Proposal Forwarded to SCZMA,1,,,,,,,,,,
all,,All India,status,,Pending at UA due to EDS raised by DFO,1,,,,,,,,,,
all,,All India,status,,Pending at Nodal Officer due to Demand Modification Request By UA,1,,,,,,,,,,
all,,All India,applications_by_year,,2022,416,,,,,,,,,,
all,,All India,applications_by_year,,2023,2680,,,,,,,,,,
all,,All India,applications_by_year,,2024,1697,,,,,,,,,,
all,,All India,applications_by_year,,2025,1407,,,,,,,,,,
all,,All India,applications_by_year,,2026,226,,,,,,,,,,
all,,All India,grants_by_year,,2022,4,,,,,,,,,,
all,,All India,grants_by_year,,2023,285,,,,,,,,,,
all,,All India,grants_by_year,,2024,884,,,,,,,,,,
all,,All India,grants_by_year,,2025,1162,,,,,,,,,,
all,,All India,grants_by_year,,2026,64,,,,,,,,,,
all,,All India,run,,run_status,ok,,,,,,,,,,
all,,All India,run,,run_date,2026-09-30T08:25:35Z,,,,,,,,,,
all,,All India,run,,run_url,https://github.com/publicmap/parivesh-dashboard/actions/runs/36687572860,,,,,,,,,,
all,,All India,run,,states_ok,13,,,,,,,,,,
all,,All India,run,,states_failed,0,,,,,,,,,,
all,,All India,run,,states_no_data,0,,,,,,,,,,
all,,All India,run,,states_not_run,23,,,,,,,,,,
all,,All India,run,,states_total,36,,,,,,,,,,
all,29,Karnataka,top_recent_ec,1,,,FP/KA/TRANS/464544/2024,"Construction of 66KV Single Circuit line on Double Circuit Tower by creating 01 number of 66KV Line Terminal bay at Existing 66/11KV Sub-station Kalsapura for a distance of about 10.267Kms for Establishing 2x12.5 MVA , 66/11KV Sub-station at Ganadalu village in Chickmagaluru Taluk,Chickmagaluru District.",KARNATAKA POWER TRANSMISSION CORPORATION LIMITED,Chikkamagaluru,Pending at State Government for Diversion Letter,2024-02-29T13:17:03.181+00:00,2026-09-28T11:58:22.368+00:00,1486.27,18.3919,https://parivesh.nic.in/newupgrade/#/report/ec?proposalId=50518394
all,29,Karnataka,top_recent_ec,2,,,FP/KA/Canal/434346/2023,"The  Proposal for construction of MS Raising Main Pipe line  of  KYK Main feeding to Kanakagiri, Koppal, and Tavargera Branch & Bleeder line to Shakhapur tank under Koppal Lift Irrigation Scheme  Package-II work  in forest  land  diversion  area  requirement  in Sy.No:57/1 of Shakhapur village of Kushtagi Taluk of Koppal Dist",KRISHNA BHAGYA JALA NIGAM LIMITED,Koppal,Final Diversion Order Issued,2023-06-22T12:09:15.038+00:00,2026-09-21T07:28:46.200+00:00,71332.34,77.396,https://parivesh.nic.in/newupgrade/#/report/ec?proposalId=6293886
all,29,Karnataka,top_recent_ec,3,,,FP/KA/ROAD/434465/2023,Widening to two lane with paved shoulders from deisgn Km 410.600 (existing Km 413.740) to design Km 441.900 (existing Km 447.610) (Hiriyur-Huliyar section) of NH-150A in the State of Karnataka on EPC mode. (Job No NH-150A-KNT-2021-22-936),"REGIONAL OFFICE, MINISTRY OF ROAD TRANSPORT & HIGHWAYS (MORT&H), GOVT OF INDIA, KARNATAKA",Chitradurga,Final Diversion Order Issued,2023-06-23T12:49:55.916+00:00,2026-09-18T09:47:40.016+00:00,13988.0,8.0926,https://parivesh.nic.in/newupgrade/#/report/ec?proposalId=6318872
all,29,Karnataka,top_recent_ec,4,,,FP/KA/WATER/526533/2025,"Improvements to Existing Water Supply Scheme to Haliyal Town with Kali River as Source and Remodelling of Water Supply Distribution Network System to Dandeli City, Uttara Kannada District, Karnataka, including Operation & Maintenance for a Period of 5 Years (Including 1 Year DLP) through Design, Build, Operation, and Transfer (DBOT) Mode",TOWN MUNCIPAL COUNCIL HALIYAL,Uttara Kannada,Stage-II Accorded,2025-02-28T11:49:09.153+00:00,2026-09-11T10:55:36.502+00:00,11666.68,1.8262,https://parivesh.nic.in/newupgrade/#/report/ec?proposalId=121258281
all,29,Karnataka,top_recent_ec,5,,,FP/KA/Pipeline/446989/2023,"Proposal for diversion of 0.1480 ha. of forest land in Sy No.155 of Batbelkunda Village, Basavakalyan Hobli, Basavakalyan Tq. Bidar District and Division for extension of Rising Main (MS Pipe) to feed water to Balkunda, Partapur, Thripurant, Narayanpur and Shivapur tanks & Others 5 tanks from CH: 16+975 to CH: 18+550 in Batbelkunda in the state of Karnataka.",Department of Irrigation,Bidar,Final Diversion Order Issued,2023-10-04T16:13:03.137+00:00,2026-09-04T06:55:41.829+00:00,18800.0,18.424,https://parivesh.nic.in/newupgrade/#/report/ec?proposalId=14575254
all,30,Goa,top_recent_ec,6,,,SIA/GA/INFRA2/589467/2026,"Proposed expansion of existing infrastructure at BITS Pilani, K K Birla Goa Campus located at village Sancoale, Mormugao, South Goa, Goa",BIRLA INSTITUTE OF TECHNOLOGY AND SCIENCE,South Goa,ToR Granted,2026-08-19T07:04:19.642+00:00,2026-09-04T06:19:27.575+00:00,40000.0,67.55,https://parivesh.nic.in/newupgrade/#/report/ec?proposalId=1238768297
all,29,Karnataka,top_recent_ec,7,,,FP/KA/WATER/473066/2024,"Diversion of forest area for the improvement of water supply system to Anavatti Town with RDW & SD as source under AMRUT 2.0 Scheme in Anavatti Village and Talluru Village, Anavatti Hobli, Soraba Taluk, Shivamogga District.",town panchayath anavatti,Shivamogga,Final Diversion Order Issued,2024-05-15T12:30:16.865+00:00,2026-09-03T06:24:17.362+00:00,4560.0,0.6287,https://parivesh.nic.in/newupgrade/#/report/ec?proposalId=68373459
all,29,Karnataka,top_recent_ec,8,,,FP/KA/Canal/547603/2025,Diversion of forest land for the construction of canal to provide the irrigation facilities to 1201 Ha agricultural land in Haveri Taluk of Haveri district by Karnataka Neeravari Nigam Limited.,Karnataka Neeravari Nigam Limited,Haveri,Final Diversion Order Issued,2025-08-09T07:42:38.298+00:00,2026-08-25T10:20:53.654+00:00,720.0,22.3713,https://parivesh.nic.in/newupgrade/#/report/ec?proposalId=133755217
all,29,Karnataka,top_recent_ec,9,,,FP/KA/ROAD/454606/2023,Widening to two lane with paved shoulders from existing Intermediate lane from Km 15.980 to 30.750 (Megravalli to Agumbe) of NH-169A on Thirthahalli-Malpe section in the State of Karnataka on EPC mode,"REGIONAL OFFICE, MINISTRY OF ROAD TRANSPORT & HIGHWAYS (MORT&H), GOVT OF INDIA, KARNATAKA",Shivamogga,Final Diversion Order Issued,2023-12-06T16:23:29.742+00:00,2026-08-04T07:20:06.941+00:00,9620.0,11.0791,https://parivesh.nic.in/newupgrade/#/report/ec?proposalId=29731919
all,29,Karnataka,top_recent_ec,10,,,FP/KA/OFC/458845/2024,"PROPOSAL FOR OPTICAL FIBER CABLE LAYING BY BHARATH SANCHAR NIGAM LTD FOR CONNECTIVITY TO 4G TOWERS UNDER 4G SATURATION PROJECT WITH EXTENT OF 0.5 M IN FOREST/NON FOREST AREA FOR SITE AT HEBBAIL VILLAGE,KUMTA TALUK,UK",MAHESH NAIR,Uttara Kannada,Final Diversion Order Issued,2024-01-15T17:56:28.701+00:00,2026-08-04T07:15:29.754+00:00,90.0,0.3282,https://parivesh.nic.in/newupgrade/#/report/ec?proposalId=39126268
all,29,Karnataka,top_cost,1,,,FP/KA/ROAD/590655/2026,"Diversion of forest land for Upgradation and Development of village road from Halsala Village Bridge to Jataga village road in Khanapur taluk, Belagavi district",KARNATAKA RURAL INFRASTRUCTURE DEVELOPMENT LIMITED,Belagavi,Pending at UA for DFO EDS Reply,2026-08-31T06:41:50.689+00:00,,10000000.0,0.9946,https://parivesh.nic.in/newupgrade/#/report/ec?proposalId=1239727138
all,29,Karnataka,top_cost,2,,,FP/KA/HYD/IRRIG/430397/2023,"Construction of Ghataprabha right bank canal, distributaries and minors in kalabandakeri, Hangaragi, Shirur and 17 other villages in Bagalkote district in favour of Executive Engineer MBC division 1 Gaddanakeri Camp, Bagalkote",KARNATAKA NEERAVARI NIGAM LIMITED,Belagavi,Pending at DFO/CF after acceptance in PSC-I,2023-05-23T07:30:49.265+00:00,,9990000.0,1036.5343,https://parivesh.nic.in/newupgrade/#/report/ec?proposalId=5552659
all,35,Andaman And Nicobar Islands,top_cost,3,,,FP/AN/OTHERS/473423/2024,"Construction of Check Weir, Pump house, Pipeline & 01 No. CWR (2.45 Lakh) at Shoalbay-14 under RCD, APWD, Wimberlygunj, South Andaman.",EXECUTIVE ENGINEER RCD APWD WIMBERLYGUNJ,South Andaman,Pending at CF for Compliance Review,2024-05-17T12:33:45.302+00:00,,9839331.0,0.245,https://parivesh.nic.in/newupgrade/#/report/ec?proposalId=68800279
all,34,Puducherry,top_cost,4,,,IA/PY/CRZ/469767/2024,Proposed construction of four storied residential building (4-dwelling  units) with stilt floor ,dhritin tyagi,Puducherry,Recommend to Town Planner Authority,2024-04-18T05:13:23.943+00:00,,9521000.0,0.016,https://parivesh.nic.in/newupgrade/#/report/ec?proposalId=61493197
all,11,Sikkim,top_cost,5,,,WL/SK/DEF/448185/2023,Diversion of Forest Land  of 1.25 Ha from Doka La to Gurmail Hill  inside Pangolakha Wild Life Sanctuary,17   Mountain Division,Gangtok,,2023-10-06T12:42:33.204+00:00,,9500000.0,1.25,https://parivesh.nic.in/newupgrade/#/report/ec?proposalId=15992315
all,30,Goa,top_cost,6,,,WL/GA/VELEC/589629/2026,"Work of releasing of 1Ph power supply to 05nos. of applicants as per the new connection request received from Shri. Bhairu J. Rekdo, Shri. Bomi J. Rekdo, Shri. Navlo J. Rekdo, Shri. Kondo J. Rekdo, Shri. Anant M. Gaonkar for a connected load of 440W, 940W, 840W, 500W and 740W respectively under the jurisdiction of Elect. Sub Division-IV, Curchorem, Div-VII, Curchorem Goa",GOA ELECTRICITY DEPARTMENT,South Goa,,2026-08-20T07:25:43.418+00:00,,9447327.0,0.0416,https://parivesh.nic.in/newupgrade/#/report/ec?proposalId=1238879133
all,30,Goa,top_cost,7,,,FP/GA/OTHERS/589685/2026,"Work of releasing of 1Ph power supply to 05nos. of applicants as per the new connection request received from Shri. Bhairu J. Rekdo, Shri. Bomi J. Rekdo, Shri. Navlo J. Rekdo, Shri. Kondo J. Rekdo, Shri. Anant M. Gaonkar for a connected load of 440W, 940W, 840W, 500W and 740W respectively under the jurisdiction of Elect. Sub Division-IV, Curchorem, Div-VII, Curchorem Goa",GOA ELECTRICITY DEPARTMENT,South Goa,Pending at DFO for Scrutiny and Recommendation,2026-08-20T10:36:32.157+00:00,,9447327.0,0.0416,https://parivesh.nic.in/newupgrade/#/report/ec?proposalId=1238908547
all,34,Puducherry,top_cost,8,,,IA/PY/CRZ/505879/2024,Proposed Two Storeyed Commercial Building,Sujee a,Puducherry,Referred to SCZMA,2024-11-14T13:22:31.728+00:00,,9384000.0,0.011,https://parivesh.nic.in/newupgrade/#/report/ec?proposalId=111549543
all,34,Puducherry,top_cost,9,,,IA/PY/CRZ/484403/2024,Proposed renovation of existing building and additional construction of hotel building (6-Rooms & Swimming pool) for M/s. Ethereal Hospitality,ethereal hospitality llp,Puducherry,CRZ Granted,2024-06-27T14:02:08.295+00:00,2025-04-17T06:59:38.199+00:00,9049468.0,9.29,https://parivesh.nic.in/newupgrade/#/report/ec?proposalId=79231676
all,35,Andaman And Nicobar Islands,top_cost,10,,,FP/AN/OTHERS/476313/2024,"Construction of Check Weir, Pump house and pipeline & 01 No. CWR (2.45 Lakh) at Shoal Bay-11 under RCD, APWD, Wimberlygunj, South Andaman",EXECUTIVE ENGINEER RCD APWD WIMBERLYGUNJ,South Andaman,Pending at CF for Compliance Review,2024-05-27T10:16:01.910+00:00,,8656191.0,0.128,https://parivesh.nic.in/newupgrade/#/report/ec?proposalId=71269730
all,37,Ladakh,top_land,1,,,WL/LA/Others/545645/2025,"Rationalisation of Boundary of Karakoram (Nubra-Shayok) Wildlife Sanctuary , UT Ladakh.",Department of Wildlife Protection,Leh,,2025-07-22T12:26:54.522+00:00,,0.0,1655000.0,https://parivesh.nic.in/newupgrade/#/report/ec?proposalId=132571784
all,37,Ladakh,top_land,2,,,WL/LA/Others/545732/2025,"Rationalisation of Boundary of High Altitude Cold Desert (Changthang) Wildlife Sanctuary , UT Ladakh.",Department of Wildlife Protection,Leh,,2025-07-23T10:37:41.426+00:00,,0.0,969600.0,https://parivesh.nic.in/newupgrade/#/report/ec?proposalId=132632408
all,35,Andaman And Nicobar Islands,top_land,3,,,IA/AN/CRZ/473318/2024,"CRZ Clearance for Proposed Offshore Drilling of 4 Exploratory Wells in AN-OSHP-2018/2 Block at Andaman Basin, Andaman & Nicobar Union Territory, India",OIL INDIA LIMITED,North  & Middle Andaman,Under Examination with SCZMA,2024-05-17T07:57:54.868+00:00,,51800.0,594745.0,https://parivesh.nic.in/newupgrade/#/report/ec?proposalId=68728505
all,35,Andaman And Nicobar Islands,top_land,4,,,SIA/AN/IND2/489865/2024,"CRZ Clearance for Proposed Offshore Drilling of 4 Exploratory Wells in AN-OSHP-2018/2 Block at Andaman Basin, Andaman & Nicobar Union Territory, India",OIL INDIA LIMITED,North  & Middle Andaman,EC Granted,2024-07-26T12:25:56.055+00:00,,51800.0,594745.0,https://parivesh.nic.in/newupgrade/#/report/ec?proposalId=87781973
all,35,Andaman And Nicobar Islands,top_land,5,,,IA/AN/CRZ/531650/2025,"CRZ Clearance for Proposed Offshore Drilling of 2 Exploratory Wells in AN-OSHP-2018/2 Block at Andaman Basin, Andaman & Nicobar Union Territory, India",OIL INDIA LIMITED,North  & Middle Andaman,Accepted and Referred to SCZMA,2025-03-27T13:02:38.581+00:00,,25900.0,594745.0,https://parivesh.nic.in/newupgrade/#/report/ec?proposalId=123691193
all,35,Andaman And Nicobar Islands,top_land,6,,,SIA/AN/IND2/556743/2025,"CRZ Clearance for Proposed Offshore Drilling of 4 Exploratory Wells in AN-OSHP-2018/2 Block at Andaman Basin, Andaman & Nicobar Union Territory, India",OIL INDIA LIMITED,North  & Middle Andaman,Under Verification,2025-10-31T11:14:08.558+00:00,,51800.0,594745.0,https://parivesh.nic.in/newupgrade/#/report/ec?proposalId=172822378
all,35,Andaman And Nicobar Islands,top_land,7,,,IA/AN/CRZ/473372/2024,"CRZ Clearance for Proposed Offshore Drilling of 4 Exploratory Wells in AN-OSHP-2018/1 Block at Andaman Basin, Andaman & Nicobar Union Territory, India",OIL INDIA LIMITED,North  & Middle Andaman,Under Examination with SCZMA,2024-05-17T10:30:42.234+00:00,,52000.0,366925.0,https://parivesh.nic.in/newupgrade/#/report/ec?proposalId=68768860
all,35,Andaman And Nicobar Islands,top_land,8,,,SIA/AN/IND2/489860/2024,"CRZ Clearance for Proposed Offshore Drilling of 4 Exploratory Wells in AN-OSHP-2018/1 Block at Andaman Basin, Andaman & Nicobar Union Territory, India",OIL INDIA LIMITED,North  & Middle Andaman,EC Granted,2024-07-26T12:13:20.762+00:00,,52000.0,366925.0,https://parivesh.nic.in/newupgrade/#/report/ec?proposalId=87780269
all,35,Andaman And Nicobar Islands,top_land,9,,,IA/AN/CRZ/534218/2025,"CRZ Clearance for Proposed Offshore Drilling of 2 Exploratory Wells in AN-OSHP-2018/1 Block at Andaman Basin, Andaman & Nicobar Union Territory, India",OIL INDIA LIMITED,North  & Middle Andaman,Accepted and Referred to SCZMA,2025-04-17T06:05:03.930+00:00,,26000.0,366925.0,https://parivesh.nic.in/newupgrade/#/report/ec?proposalId=125009585
all,35,Andaman And Nicobar Islands,top_land,10,,,SIA/AN/IND2/556730/2025,"CRZ Clearance for Proposed Offshore Drilling of 4 Exploratory Wells in AN-OSHP-2018/1 Block at Andaman Basin, Andaman & Nicobar Union Territory, India",OIL INDIA LIMITED,South Andaman,Under Verification,2025-10-31T10:12:05.175+00:00,,52000.0,366925.0,https://parivesh.nic.in/newupgrade/#/report/ec?proposalId=170932378
all,4,Chandigarh,recent_change,1,status: ADS Raised → EC Granted,,SIA/CH/INFRA2/551190/2025,"Critical Care Block (CCB) by M/s Post Graduate Institute of Medical Education & Research (PGIMER) at PGIMER, Sector-12, Chandigarh",POST GRADUATE INSTITUTE OF MEDICAL EDUCATION AND RESEARCH CHANDIGARH,Chandigarh,EC Granted,2025-09-11T08:25:15.305+00:00,2025-12-24T10:41:12.068+00:00,24381.0,1.1791,https://parivesh.nic.in/newupgrade/#/report/ec?proposalId=136087189
all,4,Chandigarh,recent_change,2,status: ADS Raised → EC Granted,,SIA/CH/INFRA2/547811/2025,"Proposed “New Model Jail” located at Sector 51 Adjoining Main Jail on campus ‘A’ land, Model Jail, Chandigarh by C.P. Division No. 6, U.T., Chandigarh",Ministry of Defense,Chandigarh,EC Granted,2025-08-12T04:48:51.418+00:00,2026-05-01T16:37:27.250+00:00,4422.0,12.14,https://parivesh.nic.in/newupgrade/#/report/ec?proposalId=133864867
all,4,Chandigarh,recent_change,3,status: DELISTED_BY_SYSTEM → EC Granted,,SIA/CH/INFRA2/527491/2026,Berkeley Square by M/s RSA motors pvt. ltd.,RSA MOTORS PRIVATE LIMITED,Chandigarh,EC Granted,2025-03-04T09:35:59.450+00:00,2026-07-24T13:57:14.784+00:00,1951.5,0.447,https://parivesh.nic.in/newupgrade/#/report/ec?proposalId=121561284
all,4,Chandigarh,recent_change,4,status: Proposal Accepted and Referred to SEAC → EC Granted,,SIA/CH/INFRA2/455379/2023,BERKELEY SQUARE,RSA MOTORS PRIVATE LIMITED,Chandigarh,EC Granted,2023-12-13T07:18:17.437+00:00,2026-02-06T12:24:42.582+00:00,2000.0,0.447,https://parivesh.nic.in/newupgrade/#/report/ec?proposalId=31489848
all,4,Chandigarh,recent_change,5,status: ADS Raised → DELISTED_BY_SYSTEM,,SIA/CH/INFRA2/552066/2025,"Advanced Neuroscience Centre located at Sector 12, Chandigarh by M/s Post Graduate Institute of Medical Education & Research (PGIMER)",POST GRADUATE INSTITUTE OF MEDICAL EDUCATION AND RESEARCH CHANDIGARH,Chandigarh,DELISTED_BY_SYSTEM,2025-09-18T08:20:50.976+00:00,,15.0,1.145,https://parivesh.nic.in/newupgrade/#/report/ec?proposalId=136515070
all,4,Chandigarh,recent_change,6,status: Under Examination → Referred to SEAC,,SIA/CH/INFRA2/539539/2025,Sheraton Chandigarh Hotel,JOY HOTEL AND RESORTS PRIVATE LIMITED,Chandigarh,Referred to SEAC,2025-05-29T06:23:55.404+00:00,,45521.0,0.8941,https://parivesh.nic.in/newupgrade/#/report/ec?proposalId=128423873
all,4,Chandigarh,recent_change,7,status: Under Examination → Proposal pulled back (withdrawn),,SIA/CH/INFRA2/533735/2025,"Critical Care Block (CCB) by M/s Post Graduate Institute of Medical Education & Research (PGIMER) at PGIMER, Sector-12, Chandigarh.",POST GRADUATE INSTITUTE OF MEDICAL EDUCATION AND RESEARCH CHANDIGARH,Chandigarh,Proposal pulled back (withdrawn),2025-04-11T10:23:06.246+00:00,,24381.0,1.0454,https://parivesh.nic.in/newupgrade/#/report/ec?proposalId=124709521
all,4,Chandigarh,recent_change,8,status: Pending at MS for Proposal Withdraw Request → Proposal pulled back (withdrawn),,SIA/CH/INFRA2/532754/2025,"Critical Care Block (CCB) by M/s Post Graduate Institute of Medical Education & Research (PGIMER) at PGIMER, Sector-12, Chandigarh.",POST GRADUATE INSTITUTE OF MEDICAL EDUCATION AND RESEARCH CHANDIGARH,Chandigarh,Proposal pulled back (withdrawn),2025-04-04T04:20:01.651+00:00,,24381.0,1.0454,https://parivesh.nic.in/newupgrade/#/report/ec?proposalId=124200333
all,4,Chandigarh,recent_change,9,status: EDS Raised → Proposal returned in present form,,IA/CH/IND1/529298/2026,"Cold rolling steel manufacturing unit at Plot No.71, Industrial area, Phase-I, Chandigarh by M/s Bhushan Power and Steel Limited",BHUSHAN POWER & STEEL LIMITED,Chandigarh,Proposal returned in present form,2025-03-13T07:13:41.985+00:00,,24505.0,1.64,https://parivesh.nic.in/newupgrade/#/report/ec?proposalId=122351530
all,4,Chandigarh,recent_change,10,added,,IA/CH/INFRA2/581771/2026,Berkeley Square by M/s RSA Motors Pvt. Ltd.,RSA MOTORS PRIVATE LIMITED,Chandigarh,Proposal pulled back (withdrawn),2026-06-10T09:27:25.134+00:00,,1951.5,0.447,https://parivesh.nic.in/newupgrade/#/report/ec?proposalId=1231643791
state,1,Jammu And Kashmir,stat,,projects,3045,,,,,,,,,,
state,1,Jammu And Kashmir,stat,,active_projects,1610,,,,,,,,,,
state,1,Jammu And Kashmir,stat,,applications,1611,,,,,,,,,,
state,1,Jammu And Kashmir,stat,,ec_granted,717,,,,,,,,,,
state,1,Jammu And Kashmir,stat,,ec_pending,885,,,,,,,,,,
state,1,Jammu And Kashmir,stat,,ec_rejected,9,,,,,,,,,,
state,1,Jammu And Kashmir,stat,,delisted_or_removed,1435,,,,,,,,,,
state,1,Jammu And Kashmir,stat,,total_cost_lakhs,24263041.12,,,,,,,,,,
state,1,Jammu And Kashmir,stat,,cost_outliers_excluded,8,,,,,,,,,,
state,1,Jammu And Kashmir,stat,,total_land_ha,293892.5749,,,,,,,,,,
state,1,Jammu And Kashmir,stat,,latest_application,2025-10-29T11:06:15.495+00:00,,,,,,,,,,
state,1,Jammu And Kashmir,stat,,latest_grant,2025-10-26T07:44:46.069+00:00,,,,,,,,,,
state,1,Jammu And Kashmir,stat,,changes_added,0,,,,,,,,,,
state,1,Jammu And Kashmir,stat,,changes_removed,0,,,,,,,,,,
state,1,Jammu And Kashmir,stat,,changes_updated,0,,,,,,,,,,
state,1,Jammu And Kashmir,stat,,changes_status,0,,,,,,,,,,
state,1,Jammu And Kashmir,stat,,compared_with,2026-09-30T16:00:09+05:30,,,,,,,,,,
state,1,Jammu And Kashmir,status,,DELISTED_BY_SYSTEM,907,,,,,,,,,,
state,1,Jammu And Kashmir,status,,Final Diversion Order Issued,567,,,,,,,,,,
state,1,Jammu And Kashmir,status,,REMOVED,528,,,,,,,,,,
state,1,Jammu And Kashmir,status,,Pending at UA for Compensatory Levies Payment and Compliance Report,235,,,,,,,,,,
state,1,Jammu And Kashmir,status,,(none),185,,,,,,,,,,
state,1,Jammu And Kashmir,status,,Pending at UA for Compliance Report,153,,,,,,,,,,
state,1,Jammu And Kashmir,status,,Pending on UA for Compensatory Levies Payment,150,,,,,,,,,,
state,1,Jammu And Kashmir,status,,EC Granted,104,,,,,,,,,,
state,1,Jammu And Kashmir,status,,EDS raised,24,,,,,,,,,,
state,1,Jammu And Kashmir,status,,Pending at DFO due to EDS by Nodal Officer,17,,,,,,,,,,
state,1,Jammu And Kashmir,status,,ToR Granted,14,,,,,,,,,,
state,1,Jammu And Kashmir,status,,ADS Raised,14,,,,,,,,,,
state,1,Jammu And Kashmir,status,,Pending at UA due to EDS by DFO,11,,,,,,,,,,
state,1,Jammu And Kashmir,status,,Pending at UA for DFO EDS Reply,10,,,,,,,,,,
state,1,Jammu And Kashmir,status,,Pending at Nodal Officer for Recommendation,9,,,,,,,,,,
state,1,Jammu And Kashmir,status,,Pending at DFO for Scrutiny and Recommendation,9,,,,,,,,,,
state,1,Jammu And Kashmir,status,,Withdrawal Request Accepted,9,,,,,,,,,,
state,1,Jammu And Kashmir,status,,EC Rejected,9,,,,,,,,,,
state,1,Jammu And Kashmir,status,,Proposal Withdrawal Request Accepted,7,,,,,,,,,,
state,1,Jammu And Kashmir,status,,Pending at State Secretary for Compliance Review,6,,,,,,,,,,
state,1,Jammu And Kashmir,status,,Pending at Nodal Officer due to EDS by State Secretary,6,,,,,,,,,,
state,1,Jammu And Kashmir,status,,ToR Rejected,6,,,,,,,,,,
state,1,Jammu And Kashmir,status,,Forwarded to USS,6,,,,,,,,,,
state,1,Jammu And Kashmir,status,,Under Verification,5,,,,,,,,,,
state,1,Jammu And Kashmir,status,,Proposal returned in present form,4,,,,,,,,,,
state,1,Jammu And Kashmir,status,,Referred to SEAC,4,,,,,,,,,,
state,1,Jammu And Kashmir,status,,Pending at Technical Officer - IRO,4,,,,,,,,,,
state,1,Jammu And Kashmir,status,,Pending at UA for CA Payment and Compliance Report,3,,,,,,,,,,
state,1,Jammu And Kashmir,status,,Raised/Forwarded EDS to UA,3,,,,,,,,,,
state,1,Jammu And Kashmir,status,,Rejected in PSC-I,3,,,,,,,,,,
state,1,Jammu And Kashmir,status,,Pending at Nodal Officer for Compliance Review,3,,,,,,,,,,
state,1,Jammu And Kashmir,status,,Standard ToR Granted,3,,,,,,,,,,
state,1,Jammu And Kashmir,status,,Pending at UA due to EDS by MS after PSC-I,3,,,,,,,,,,
state,1,Jammu And Kashmir,status,,TOR Granted,2,,,,,,,,,,
state,1,Jammu And Kashmir,status,,Pending on UA for Levies Payment,2,,,,,,,,,,
state,1,Jammu And Kashmir,status,,Pending at DFO due to EDS by CF,2,,,,,,,,,,
state,1,Jammu And Kashmir,status,,Pending at DFO for Compensatory Levies,2,,,,,,,,,,
state,1,Jammu And Kashmir,status,,Application Rejected,2,,,,,,,,,,
state,1,Jammu And Kashmir,status,,"Pending at Technical Officer - MoEFCC, HQ",1,,,,,,,,,,
state,1,Jammu And Kashmir,status,,Pending at UA due to EDS by MS after PSC-II,1,,,,,,,,,,
state,1,Jammu And Kashmir,status,,Pending at PP due to EDS by Nodal Officer,1,,,,,,,,,,
state,1,Jammu And Kashmir,status,,Pending at CF for Compliance Review,1,,,,,,,,,,
state,1,Jammu And Kashmir,status,,EDS RAISED,1,,,,,,,,,,
state,1,Jammu And Kashmir,status,,Under Examination,1,,,,,,,,,,
state,1,Jammu And Kashmir,status,,Pending at Technical Officer IRO for Stage-II Letter,1,,,,,,,,,,
state,1,Jammu And Kashmir,status,,Pending at MS SEIAA,1,,,,,,,,,,
state,1,Jammu And Kashmir,status,,Pending at PP due to EDS by DFO,1,,,,,,,,,,
state,1,Jammu And Kashmir,status,,Proposal Accepted and Referred to SEAC,1,,,,,,,,,,
state,1,Jammu And Kashmir,status,,Pending at DFO/CF/Nodal Officer after acceptance in PSC-I,1,,,,,,,,,,
state,1,Jammu And Kashmir,status,,Pending at MS for Acceptance in PSC-I,1,,,,,,,,,,
state,1,Jammu And Kashmir,status,,Forwarded,1,,,,,,,,,,
state,1,Jammu And Kashmir,status,,EDS Raised,1,,,,,,,,,,
state,1,Jammu And Kashmir,applications_by_year,,2022,62,,,,,,,,,,
state,1,Jammu And Kashmir,applications_by_year,,2023,1130,,,,,,,,,,
state,1,Jammu And Kashmir,applications_by_year,,2024,318,,,,,,,,,,
state,1,Jammu And Kashmir,applications_by_year,,2025,101,,,,,,,,,,
state,1,Jammu And Kashmir,grants_by_year,,2023,18,,,,,,,,,,
state,1,Jammu And Kashmir,grants_by_year,,2024,219,,,,,,,,,,
state,1,Jammu And Kashmir,grants_by_year,,2025,480,,,,,,,,,,
state,1,Jammu And Kashmir,run,,run_status,ok,,,,,,,,,,
state,1,Jammu And Kashmir,run,,run_date,2026-09-30T04:58:08Z,,,,,,,,,,
state,1,Jammu And Kashmir,run,,run_url,,,,,,,,,,,
state,1,Jammu And Kashmir,top_recent_ec,1,,,IA/JK/IND1/495948/2025,Expansion of Cement Plant capacity from 3.3 Lakhs TPA to 6.6 Lakhs TPA and clinker production from 3.135 Lakh TPA to 6.27 Lakh TPA by M/s Trumboo Industries Pvt. Ltd. (TIPL),Trumboo Industries Private Limited,Pulwama,EC Granted,2024-09-09T10:30:32.770+00:00,2025-10-26T07:44:46.069+00:00,25052.0,12.38,https://parivesh.nic.in/newupgrade/#/report/ec?proposalId=101148013
state,1,Jammu And Kashmir,top_recent_ec,2,,,SIA/JK/MIN/542199/2025,"Minor Mineral (River Bed Material) Mining Project, Block-12, Area of 7.35 ha Ans River Downstream Narloo Bridge, District-Reasi (Plan-III), J&K U.T. in favor of M/S Shiva Minerals R/O Near Focal Point Peer Baba Chowk, Malikpur, Pathankot, Punjab",SHIVA MINERALS PUNJAB,Reasi,EC Granted,2025-06-20T08:47:48.094+00:00,2025-10-10T09:48:16.834+00:00,106.37,7.35,https://parivesh.nic.in/newupgrade/#/report/ec?proposalId=130404449
state,1,Jammu And Kashmir,top_recent_ec,3,,,SIA/JK/MIN/542187/2025,"Minor Mineral (River Bed Material) Mining Project Block-26, Area of 5.0 ha At River Chenab,Downstream Baradari Bridge (Kans Khosan Area) , Tehsil & District Reasi, J&K U.T. in favor of Shri Karanvir Singh S/O Shri Surinder Singh",KARANVIR SINGH,Reasi,EC Granted,2025-06-20T08:00:42.158+00:00,2025-10-10T09:42:08.380+00:00,300.0,5.0,https://parivesh.nic.in/newupgrade/#/report/ec?proposalId=130399585
state,1,Jammu And Kashmir,top_recent_ec,4,,,SIA/JK/MIN/542179/2025,"Minor Mineral (River Bed Material) Mining Project, Block-4, Area of 3.85 ha; at Anji Khad Upstream Sula Park Bridge, District - Reasi, JK UT in favor of Shri Karanvir Singh R/O Lane No-3, Shaheed Udham Singh Nagar,Pathankot, Punjab",KARANVIR SINGH,Reasi,EC Granted,2025-06-20T07:39:19.797+00:00,2025-10-10T09:34:07.136+00:00,117.81,3.85,https://parivesh.nic.in/newupgrade/#/report/ec?proposalId=130395933
state,1,Jammu And Kashmir,top_recent_ec,5,,,SIA/JK/MIN/542181/2025,"Minor Mineral (River Bed Material) Mining Project Block-2, Area of 7.91 ha at Tanda, Seri Khad, Village-Tanda, District-Reasi (J&K) U.T. in favor of M/S Sai Mines R/O Logate, Kathua, J&K U.T.",SAI MINES,Jammu,EC Granted,2025-06-20T07:44:49.043+00:00,2025-10-10T09:27:52.959+00:00,114.51,7.91,https://parivesh.nic.in/newupgrade/#/report/ec?proposalId=130396886
state,1,Jammu And Kashmir,top_recent_ec,6,,,FP/JK/WATER/440300/2023,WSS KALSOTE,Jal Shakti Department,Udhampur,Final Diversion Order Issued,2023-08-13T08:26:55.779+00:00,2025-10-06T10:06:53.297+00:00,850.0,0.919,https://parivesh.nic.in/newupgrade/#/report/ec?proposalId=7933195
state,1,Jammu And Kashmir,top_recent_ec,7,,,FP/JK/WATER/408194/2022,ARIZAL Zampora,PHE DIVISION BUDGAM,Badgam,Final Diversion Order Issued,2022-11-27T14:24:39.499+00:00,2025-10-06T09:34:08.123+00:00,445.0,0.16,https://parivesh.nic.in/newupgrade/#/report/ec?proposalId=1742081
state,1,Jammu And Kashmir,top_recent_ec,8,,,FP/JK/CommPost/504782/2024,4G Saturation Project Deharna,MAHESH NAIR,Kishtwar,Final Diversion Order Issued,2024-11-07T07:29:28.849+00:00,2025-10-01T04:35:18.258+00:00,24.0,0.023,https://parivesh.nic.in/newupgrade/#/report/ec?proposalId=111024566
state,1,Jammu And Kashmir,top_recent_ec,9,,,FP/JK/CommPost/528940/2025,4G Saturation Project Kandal,MAHESH NAIR,Udhampur,Final Diversion Order Issued,2025-03-11T12:34:09.851+00:00,2025-09-26T16:46:23.063+00:00,24.0,0.0186,https://parivesh.nic.in/newupgrade/#/report/ec?proposalId=122218155
state,1,Jammu And Kashmir,top_recent_ec,10,,,FP/JK/TELE_TRANS/511271/2024,OVERHEAD OFC LAYING ROUTE THROUGH FOREST AREA UPTO KANDRAH 4G SATURATION SITE,MAHESH NAIR,Udhampur,Final Diversion Order Issued,2024-12-02T06:17:35.096+00:00,2025-09-26T16:44:42.911+00:00,12.0,0.0652,https://parivesh.nic.in/newupgrade/#/report/ec?proposalId=113457800
state,1,Jammu And Kashmir,top_cost,1,,,FP/JK/TRANS/427059/2023,Permanent restoration of Tower no 131 of 220 kV D/c Salal-KIshenpur 1&2 line,POWER GRID CORPORATION OF INDIA LTD,Jammu,Final Diversion Order Issued,2023-04-24T12:01:49.592+00:00,2024-07-14T16:06:40.098+00:00,4851298.0,1.503,https://parivesh.nic.in/newupgrade/#/report/ec?proposalId=4821698
state,1,Jammu And Kashmir,top_cost,2,,,FP/JK/OFC/537944/2025,LAYING OF UNDERGROUND OPTICAL FIBER CABLE FROM IKHALA TO MARGI VIA MARWAH,VINDHYA TELELINKS LTD,Kishtwar,Pending at UA for Compliance Report,2025-05-16T10:15:29.348+00:00,,4000000.0,3.945,https://parivesh.nic.in/newupgrade/#/report/ec?proposalId=127105573
state,1,Jammu And Kashmir,top_cost,3,,,WL/JK/DRKWATER/538149/2025,WSS. Kasnard Sangnard Pannard,Jal Shakti Department,Anantnag,,2025-05-19T03:57:43.862+00:00,,3713000.0,0.065,https://parivesh.nic.in/newupgrade/#/report/ec?proposalId=127225310
state,1,Jammu And Kashmir,top_cost,4,,,FP/JK/OFC/404441/2022,Laying of Optical Cable on Ketson to Lohar Mohalla,VINDHYA TELELINKS LTD,Bandipore,Final Diversion Order Issued,2022-10-28T06:40:32.688+00:00,2024-11-22T11:46:19.382+00:00,1200000.0,0.175,https://parivesh.nic.in/newupgrade/#/report/ec?proposalId=1286438
state,1,Jammu And Kashmir,top_cost,5,,,FP/JK/ROAD/525574/2025,Construction of Tractor road from Khornar to Ladoon W. NO. 7 Panchayat Jij B Block Jij Bagli under CAPEX for the year 2024-25,BDO JIJ BAGLI,Reasi,Pending at Nodal Officer due to EDS by State Secretary,2025-02-25T05:07:38.305+00:00,,1000000.0,0.135,https://parivesh.nic.in/newupgrade/#/report/ec?proposalId=120935233
state,1,Jammu And Kashmir,top_cost,6,,,FP/JK/HYD/IRRIG/402507/2022,Kirthai-II Hydroelectric Project,CHENAB VALLEY POWER PROJECTS LIMITED,Kishtwar,"Pending at Technical Officer - MoEFCC, HQ",2022-10-08T05:29:24.429+00:00,,979882.0,264.85,https://parivesh.nic.in/newupgrade/#/report/ec?proposalId=1058403
state,1,Jammu And Kashmir,top_cost,7,,,WL/JK/CommPost/423533/2023,AIRTEL OWNED SITE AT DRAPHAMA DIACHIGAM,MOHAMMAD PEERZADA,Srinagar,,2023-03-26T14:10:58.832+00:00,,900000.0,0.0027,https://parivesh.nic.in/newupgrade/#/report/ec?proposalId=4203195
state,1,Jammu And Kashmir,top_cost,8,,,WL/JK/CommPost/423545/2023,AIRTEL OWNED SITE AT GULMARG PHASE 1,MOHAMMAD PEERZADA,Baramula,,2023-03-26T20:05:15.825+00:00,,900000.0,0.0027,https://parivesh.nic.in/newupgrade/#/report/ec?proposalId=4205028
state,1,Jammu And Kashmir,top_cost,9,,,WL/JK/CommPost/423548/2023,AIRTEL OWNED SITE AT GULMARG PHASE 2,MOHAMMAD PEERZADA,Baramula,,2023-03-26T20:44:00.006+00:00,,900000.0,0.0027,https://parivesh.nic.in/newupgrade/#/report/ec?proposalId=4205134
state,1,Jammu And Kashmir,top_cost,10,,,FP/JK/REDIV/465339/2024,NRSS Tranmission Ltd,NRSS XXIX TRANSMISSION LIMITED,Shupiyan,Rejected in PSC-I,2024-03-07T11:51:32.916+00:00,,438950.0,20.7216,https://parivesh.nic.in/newupgrade/#/report/ec?proposalId=51943843
state,1,Jammu And Kashmir,top_land,1,,,SIA/JK/MIN/409955/2022,River Bed Minerals,BRINDER SINGH S/O SHRE KEEMAT LAL,Samba,,2022-12-09T07:50:14.564+00:00,,149.1,139104.0,https://parivesh.nic.in/newupgrade/#/report/ec?proposalId=1940876
state,1,Jammu And Kashmir,top_land,2,,,SIA/JK/MIN/409954/2022,River Bed Materials,NARESH SHARMA S/O SH. SWARAN DASS SHARMA,Samba,,2022-12-09T07:43:05.826+00:00,,55.05,126950.0,https://parivesh.nic.in/newupgrade/#/report/ec?proposalId=1940642
state,1,Jammu And Kashmir,top_land,3,,,FP/JK/OTHERS/423843/2023,"DIVERSION OF 1.5514 HECTARE OF FOREST LAND FOR TEMPORARY ESTABLISHMENT OF BATCHING PLANT, STOCK YARD, SUBSTATION, LABOUR CAMP, QC LAB, WORK SHOP , CONTAINER OFFICE ETC",TPL - CAI JV,Ramban,Final Diversion Order Issued,2023-03-28T14:21:34.822+00:00,2025-05-16T09:47:48.420+00:00,103100.0,15514.0,https://parivesh.nic.in/newupgrade/#/report/ec?proposalId=4255093
state,1,Jammu And Kashmir,top_land,4,,,FP/JK/WATER/429536/2023,WSS AMROTHI,Jal Shakti Department,Udhampur,Final Diversion Order Issued,2023-05-17T07:52:50.048+00:00,2025-01-04T10:42:28.013+00:00,698.84,2491.0,https://parivesh.nic.in/newupgrade/#/report/ec?proposalId=5399317
state,1,Jammu And Kashmir,top_land,5,,,IA/JK/RIV/547496/2025,Sawalkot HE Project (1856 MW),NHPC LMITED,Ramban,ToR Granted,2025-08-08T07:06:32.299+00:00,2025-08-20T04:31:56.746+00:00,220000000000.0,1401.35,https://parivesh.nic.in/newupgrade/#/report/ec?proposalId=133691304
state,1,Jammu And Kashmir,top_land,6,,,IA/JK/RIV/551600/2025,Sawalkot HE Project (1856 MW),NHPC LMITED,Ramban,,2025-09-15T06:50:51.451+00:00,,220000000000.0,1401.35,https://parivesh.nic.in/newupgrade/#/report/ec?proposalId=136276724
state,1,Jammu And Kashmir,top_land,7,,,IA/JK/RIV/551637/2025,Sawalkot HE Project (1856 MW),NHPC LMITED,Ramban,Forwarded,2025-09-15T09:24:51.374+00:00,,220000000000.0,1401.35,https://parivesh.nic.in/newupgrade/#/report/ec?proposalId=136291371
state,1,Jammu And Kashmir,top_land,8,,,WL/JK/SRY/533043/2025,Commando Training Centre Sunjwan,J&K Police Department/Home Department,Jammu,,2025-04-06T06:48:53.620+00:00,,11942.93,413.0,https://parivesh.nic.in/newupgrade/#/report/ec?proposalId=124329770
state,1,Jammu And Kashmir,top_land,9,,,FP/JK/PWR_TRANS/547731/2025,Construction of 400 KV line Kishenpur -Samba-Jalandhar (J&K portion) Transmission Line,RATLE KIRU POWER TRANSMISSION LIMITED,Samba,Pending at MS for Acceptance in PSC-I,2025-08-11T09:07:51.232+00:00,,20000.0,279.8983,https://parivesh.nic.in/newupgrade/#/report/ec?proposalId=133821676
state,1,Jammu And Kashmir,top_land,10,,,FP/JK/HYD/IRRIG/402507/2022,Kirthai-II Hydroelectric Project,CHENAB VALLEY POWER PROJECTS LIMITED,Kishtwar,"Pending at Technical Officer - MoEFCC, HQ",2022-10-08T05:29:24.429+00:00,,979882.0,264.85,https://parivesh.nic.in/newupgrade/#/report/ec?proposalId=1058403
state,2,Himachal Pradesh,stat,,projects,2140,,,,,,,,,,
state,2,Himachal Pradesh,stat,,active_projects,915,,,,,,,,,,
state,2,Himachal Pradesh,stat,,applications,915,,,,,,,,,,
state,2,Himachal Pradesh,stat,,ec_granted,369,,,,,,,,,,
state,2,Himachal Pradesh,stat,,ec_pending,537,,,,,,,,,,
state,2,Himachal Pradesh,stat,,ec_rejected,5,,,,,,,,,,
state,2,Himachal Pradesh,stat,,delisted_or_removed,1225,,,,,,,,,,
state,2,Himachal Pradesh,stat,,total_cost_lakhs,14572638.18,,,,,,,,,,
state,2,Himachal Pradesh,stat,,cost_outliers_excluded,5,,,,,,,,,,
state,2,Himachal Pradesh,stat,,total_land_ha,252263.2914,,,,,,,,,,
state,2,Himachal Pradesh,stat,,latest_application,2025-11-07T06:51:02.661+00:00,,,,,,,,,,
state,2,Himachal Pradesh,stat,,latest_grant,2025-09-19T05:22:18.383+00:00,,,,,,,,,,
state,2,Himachal Pradesh,stat,,changes_added,0,,,,,,,,,,
state,2,Himachal Pradesh,stat,,changes_removed,0,,,,,,,,,,
state,2,Himachal Pradesh,stat,,changes_updated,0,,,,,,,,,,
state,2,Himachal Pradesh,stat,,changes_status,0,,,,,,,,,,
state,2,Himachal Pradesh,stat,,compared_with,2026-09-30T16:00:09+05:30,,,,,,,,,,
state,2,Himachal Pradesh,status,,DELISTED_BY_SYSTEM,895,,,,,,,,,,
state,2,Himachal Pradesh,status,,REMOVED,330,,,,,,,,,,
state,2,Himachal Pradesh,status,,EC Granted,284,,,,,,,,,,
state,2,Himachal Pradesh,status,,(none),100,,,,,,,,,,
state,2,Himachal Pradesh,status,,Pending at DFO for Scrutiny and Recommendation,72,,,,,,,,,,
state,2,Himachal Pradesh,status,,Pending at UA due to EDS by DFO,56,,,,,,,,,,
state,2,Himachal Pradesh,status,,Under Verification,47,,,,,,,,,,
state,2,Himachal Pradesh,status,,ToR Granted,37,,,,,,,,,,
state,2,Himachal Pradesh,status,,Pending at UA for DFO EDS Reply,30,,,,,,,,,,
state,2,Himachal Pradesh,status,,Pending at UA due to EDS by MS after PSC-I,27,,,,,,,,,,
state,2,Himachal Pradesh,status,,Pending at PP due to EDS by DFO,25,,,,,,,,,,
state,2,Himachal Pradesh,status,,Pending at Nodal Officer for Recommendation,19,,,,,,,,,,
state,2,Himachal Pradesh,status,,Pending at DFO due to EDS by Nodal Officer,18,,,,,,,,,,
state,2,Himachal Pradesh,status,,Proposal Accepted and Referred to SEAC,16,,,,,,,,,,
state,2,Himachal Pradesh,status,,Pending on UA for Compensatory Levies Payment,14,,,,,,,,,,
state,2,Himachal Pradesh,status,,Final Diversion Order Issued,13,,,,,,,,,,
state,2,Himachal Pradesh,status,,TOR Granted,12,,,,,,,,,,
state,2,Himachal Pradesh,status,,Under Examination,11,,,,,,,,,,
state,2,Himachal Pradesh,status,,EDS raised,11,,,,,,,,,,
state,2,Himachal Pradesh,status,,Proposal Withdrawal Request Accepted,11,,,,,,,,,,
state,2,Himachal Pradesh,status,,Pending at MS SEIAA,11,,,,,,,,,,
state,2,Himachal Pradesh,status,,Pending at Nodal Officer due to EDS by State Secretary,10,,,,,,,,,,
state,2,Himachal Pradesh,status,,Pending at MS for Acceptance in PSC-I,10,,,,,,,,,,
state,2,Himachal Pradesh,status,,TOR GRANTED,8,,,,,,,,,,
state,2,Himachal Pradesh,status,,Referred to SEIAA,6,,,,,,,,,,
state,2,Himachal Pradesh,status,,Pending at State Secretary due to EDS by IRO,5,,,,,,,,,,
state,2,Himachal Pradesh,status,,Standard ToR Granted,5,,,,,,,,,,
state,2,Himachal Pradesh,status,,EC Rejected,5,,,,,,,,,,
state,2,Himachal Pradesh,status,,Pending at State Secretary for Recommendation,4,,,,,,,,,,
state,2,Himachal Pradesh,status,,Rejected in PSC-I,4,,,,,,,,,,
state,2,Himachal Pradesh,status,,Pending at UA for Compliance Report,3,,,,,,,,,,
state,2,Himachal Pradesh,status,,Pending at DFO for Compensatory Levies,3,,,,,,,,,,
state,2,Himachal Pradesh,status,,Raised/Forwarded EDS to UA,3,,,,,,,,,,
state,2,Himachal Pradesh,status,,Pending at MS for Recommendation in PSC-II,3,,,,,,,,,,
state,2,Himachal Pradesh,status,,Pending at DFO/CF/Nodal Officer after acceptance in PSC-I,3,,,,,,,,,,
state,2,Himachal Pradesh,status,,Pending at State Secretary for Compliance Review,2,,,,,,,,,,
state,2,Himachal Pradesh,status,,Pending at Technical Officer IRO for Stage-II Letter,2,,,,,,,,,,
state,2,Himachal Pradesh,status,,Return to UA,2,,,,,,,,,,
state,2,Himachal Pradesh,status,,Proposal returned in present form,2,,,,,,,,,,
state,2,Himachal Pradesh,status,,ADS Raised,2,,,,,,,,,,
state,2,Himachal Pradesh,status,,EDS Raised,2,,,,,,,,,,
state,2,Himachal Pradesh,status,,Proposal pulled back (withdrawn),2,,,,,,,,,,
state,2,Himachal Pradesh,status,,Withdrawn,1,,,,,,,,,,
state,2,Himachal Pradesh,status,,Pending at Scrutiny after PSC-I,1,,,,,,,,,,
state,2,Himachal Pradesh,status,,Pending at SS for Diversion Letter,1,,,,,,,,,,
state,2,Himachal Pradesh,status,,Pending at DFO For Compliance Review,1,,,,,,,,,,
state,2,Himachal Pradesh,status,,Pending at Nodal Officer for Compliance Review,1,,,,,,,,,,
state,2,Himachal Pradesh,status,,Withdrawal Request Accepted,1,,,,,,,,,,
state,2,Himachal Pradesh,status,,Pending at REC,1,,,,,,,,,,
state,2,Himachal Pradesh,status,,Pending on UA for Levies Payment,1,,,,,,,,,,
state,2,Himachal Pradesh,status,,Pending at State Secretary for Recommendation after PSC-II,1,,,,,,,,,,
state,2,Himachal Pradesh,status,,"Pending at State Secretary due to EDS by MoEFCC, HQ",1,,,,,,,,,,
state,2,Himachal Pradesh,status,,"Pending at IGF - MoEFCC, HQ",1,,,,,,,,,,
state,2,Himachal Pradesh,status,,"Pending at Additional Director General of Forest - MoEFCC, HQ",1,,,,,,,,,,
state,2,Himachal Pradesh,status,,Pending at Technical Officer - IRO,1,,,,,,,,,,
state,2,Himachal Pradesh,status,,Forwarded to AS,1,,,,,,,,,,
state,2,Himachal Pradesh,status,,Proposal Accepted and Referred to EAC,1,,,,,,,,,,
state,2,Himachal Pradesh,applications_by_year,,2022,71,,,,,,,,,,
state,2,Himachal Pradesh,applications_by_year,,2023,241,,,,,,,,,,
state,2,Himachal Pradesh,applications_by_year,,2024,267,,,,,,,,,,
state,2,Himachal Pradesh,applications_by_year,,2025,336,,,,,,,,,,
state,2,Himachal Pradesh,grants_by_year,,2022,2,,,,,,,,,,
state,2,Himachal Pradesh,grants_by_year,,2023,60,,,,,,,,,,
state,2,Himachal Pradesh,grants_by_year,,2024,88,,,,,,,,,,
state,2,Himachal Pradesh,grants_by_year,,2025,219,,,,,,,,,,
state,2,Himachal Pradesh,run,,run_status,ok,,,,,,,,,,
state,2,Himachal Pradesh,run,,run_date,2026-09-30T04:58:08Z,,,,,,,,,,
state,2,Himachal Pradesh,run,,run_url,,,,,,,,,,,
state,2,Himachal Pradesh,top_recent_ec,1,,,IA/HP/INFRA2/550530/2025,Expansion of All India Institute of Medical Sciences (AIIMS),ALL - INDIA INSTITUTE OF MEDICAL SCIENCES - BILASPUR,Solan,Standard ToR Granted,2025-09-05T06:06:23.442+00:00,2025-09-19T05:22:18.383+00:00,2221000.0,100.23,https://parivesh.nic.in/newupgrade/#/report/ec?proposalId=135707870
state,2,Himachal Pradesh,top_recent_ec,2,,,FP/HP/MIN/QRY/421697/2023,RENEWAL OF MINING LEASE FOREST CLEARENCE,CEMENT CORPORATION OF INDIA LIMITED,Sirmaur,Pending at SS for Diversion Letter,2023-03-11T04:34:36.957+00:00,2025-08-01T10:13:01.230+00:00,2000000.0,172.3,https://parivesh.nic.in/newupgrade/#/report/ec?proposalId=3862027
state,2,Himachal Pradesh,top_recent_ec,3,,,FP/HP/SCH/452671/2023,Additional land for C/o  Dr. Radhakrishnan Government Medical College at Hamirpur.,Health and Family Welfare Department Himachal Pradesh,Hamirpur,Final Diversion Order Issued,2023-11-18T11:30:07.957+00:00,2025-06-26T12:14:36.007+00:00,67500.0,15.532,https://parivesh.nic.in/newupgrade/#/report/ec?proposalId=25143859
state,2,Himachal Pradesh,top_recent_ec,4,,,FP/HP/OTHERS/478851/2024,Eco-Tourism Society Kullu (ETSK) Centre,eco tourism society kullu,Kullu,Final Diversion Order Issued,2024-06-04T09:48:45.787+00:00,2025-06-18T16:46:04.514+00:00,300.0,0.0519,https://parivesh.nic.in/newupgrade/#/report/ec?proposalId=73609491
state,2,Himachal Pradesh,top_recent_ec,5,,,FP/HP/ROAD/418138/2023,Construction of Link Road from Bheron to Adi Badri Km 2/660 to 4/915,PUBLIC WORKS DEPARTMENT NAHAN,Sirmaur,Final Diversion Order Issued,2023-02-13T13:06:38.918+00:00,2025-05-30T05:11:55.377+00:00,160400000.0,1.923,https://parivesh.nic.in/newupgrade/#/report/ec?proposalId=3043333
state,2,Himachal Pradesh,top_recent_ec,6,,,IA/HP/IND1/532020/2025,"Expansion in the existing secondary metallurgical unit for increase in the production of MS Ingots from 19,200 TPA to 96,600 TPA by installation of an additional Induction furnace having capacity 15 TPH alongside the existing Induction Furnace having capacity 7 TPH and to install Continuous casting machine followed by rolling mill to produce 77,280 TPA of Round /Angle/Channel/TMT Bars/Flats by M/s Goyal Furnace Pvt Ltd",GOYAL FURNACE PRIVATE LIMITED,Kangra,EC Granted,2025-03-29T11:59:39.448+00:00,2025-05-30T04:40:03.717+00:00,0.0,1.7995,https://parivesh.nic.in/newupgrade/#/report/ec?proposalId=123873242
state,2,Himachal Pradesh,top_recent_ec,7,,,SIA/HP/MIN/537976/2025,"Mining of Sand, Stone & Bajri from riverbed of Swan River situated in Mauza Mubarikpur, Mohal Kanshipur, Tehsil Ghanari, District Una, Himachal Pradesh proposed by Sh. Ruby Kumar, S/O Sh. Avtar Singh prop. M/s Thakur Stone crusher.",RUBY KUMAR,Una,EC Granted,2025-05-16T12:04:30.999+00:00,2025-05-27T12:04:56.099+00:00,10.0,4.1291,https://parivesh.nic.in/newupgrade/#/report/ec?proposalId=127124646
state,2,Himachal Pradesh,top_recent_ec,8,,,SIA/HP/MIN/536420/2025,"Mining of Sand, Stone & Bajri from Sarsa River proposed by Sh. Madhuri Saini Prop. M/s Manjholi Stone Crusher",Madhuri Saini,Solan,EC Granted,2025-05-05T04:55:49.595+00:00,2025-05-27T12:02:09.598+00:00,55.0,59.39,https://parivesh.nic.in/newupgrade/#/report/ec?proposalId=126249406
state,2,Himachal Pradesh,top_recent_ec,9,,,SIA/HP/MIN/532890/2025,"Transfer of Environmental Clearance for Extraction/collection of Sand, Stone and Bajri from an area of 4.9035 Ha (Pvt. Land- River bed) having Khasra Nos. 2926/1 & 2927/1, Mauza/Mohal Indora, Tehsil Indora, District Kangra, H.P. by Sh. Gagan Singh, S/o Sh. Sh. Bijlu Ram, R/o V.P.O. & Tehsil Indora, District Kangra, H.P. in favour of Sh. Mankaran Singh, S/o Lt. Sh. Dharminder Singh, Prop. M/s Shiv Shankar Industries Stone Crusher, R/o Village Pail, P.O. Lodhwan, Teh. Indora, District Kangra, H.P.",MANKARAN SINGH,Kangra,EC Granted,2025-04-04T11:59:37.989+00:00,2025-05-27T11:59:06.566+00:00,25.0,4.9035,https://parivesh.nic.in/newupgrade/#/report/ec?proposalId=124258157
state,2,Himachal Pradesh,top_recent_ec,10,,,SIA/HP/MIN/531332/2025,Boulder sand and Bajri Mining Project,HARIKrishan Sharma,Sirmaur,EC Granted,2025-03-26T06:03:18.822+00:00,2025-05-27T11:51:58.961+00:00,12.0,8.4377,https://parivesh.nic.in/newupgrade/#/report/ec?proposalId=123491417
state,2,Himachal Pradesh,top_cost,1,,,FP/HP/HYD/IRRIG/504746/2024,"C/O Additional Forest land Required for Ropeway Platform And Approach Road to Colony, Additional Dumping Site and Spilway Outfall for Chanju-III, HEP District Chamba H.P.",HIMACHAL PRADESH POWER CORPORATION LIMITED,Chamba,Pending at Nodal Officer for Recommendation,2024-11-07T06:28:17.541+00:00,,4185700.0,4.475,https://parivesh.nic.in/newupgrade/#/report/ec?proposalId=111013704
state,2,Himachal Pradesh,top_cost,2,,,IA/HP/INFRA2/550530/2025,Expansion of All India Institute of Medical Sciences (AIIMS),ALL - INDIA INSTITUTE OF MEDICAL SCIENCES - BILASPUR,Solan,Standard ToR Granted,2025-09-05T06:06:23.442+00:00,2025-09-19T05:22:18.383+00:00,2221000.0,100.23,https://parivesh.nic.in/newupgrade/#/report/ec?proposalId=135707870
state,2,Himachal Pradesh,top_cost,3,,,FP/HP/OTHERS/418270/2023,Establishment of Electric Vehicle Charging Station  at M/s Donbusche HP center Tapri,SATEESH NEGI,Kinnaur,Pending at DFO for Compensatory Levies,2023-02-14T10:30:17.359+00:00,,2000000.0,0.0808,https://parivesh.nic.in/newupgrade/#/report/ec?proposalId=3061090
state,2,Himachal Pradesh,top_cost,4,,,FP/HP/MIN/QRY/421697/2023,RENEWAL OF MINING LEASE FOREST CLEARENCE,CEMENT CORPORATION OF INDIA LIMITED,Sirmaur,Pending at SS for Diversion Letter,2023-03-11T04:34:36.957+00:00,2025-08-01T10:13:01.230+00:00,2000000.0,172.3,https://parivesh.nic.in/newupgrade/#/report/ec?proposalId=3862027
state,2,Himachal Pradesh,top_cost,5,,,IA/HP/RIV/480995/2024,Kutehr Hydro-electric Project (240 MW),JSW ENERGY (KUTEHR) LIMITED,Chamba,Return to UA,2024-06-13T11:37:45.652+00:00,,278900.0,69.3783,https://parivesh.nic.in/newupgrade/#/report/ec?proposalId=76313810
state,2,Himachal Pradesh,top_cost,6,,,IA/HP/CRZ/438354/2023,"DIVERSION OF 25 HECTARE FOREST LAND FOR ESTABLISHMENT OF MILITARY INFRASTRUCTURE IN FAVOUR OF 172 MEDIUM REGIMENT OF HQ 136 (INDEPENDENT) INFANTRY BRIGADE GROUP AT NITHAL THACH (KHANA DIJNTI), SANGLA TEHSIL, DISTRICT KINNAUR, WITHIN THE JURISDICATION OF KINNAUR FOREST DIVISION (HP)",172 MEDIUM REGIMENT,Kinnaur,,2023-07-27T15:22:45.708+00:00,,267367.5,25.0,https://parivesh.nic.in/newupgrade/#/report/ec?proposalId=7164268
state,2,Himachal Pradesh,top_cost,7,,,FP/HP/REDIV/532704/2025,Project Name: Change of land use for placement of crusher unit for 0.50 ha. within already diverted land of Sunni Dam Hydroelectric Project (382 MW).,SJVN LIMITED,Shimla,"Pending at Additional Director General of Forest - MoEFCC, HQ",2025-04-03T11:47:39.073+00:00,,247535.0,0.5,https://parivesh.nic.in/newupgrade/#/report/ec?proposalId=124168916
state,2,Himachal Pradesh,top_cost,8,,,IA/HP/IND1/455082/2023,"Expansion in Clinker Production from 2.97 Million TPA (9000 TPD) to 3.5 Million TPA (11000 TPD) by process optimization/debottlenecking under provision of NIPL as per the EIA Notification S.O.1533 (E), dated 14th September, 2006 further amended vide S.O. 980 (E) dated 2nd March, 2021 by M/s UltraTech Cement Limited (Unit-Baga Cement Works) At Village: Baga, Tehsil: Arki, District: Solan (Himachal Pradesh)",M/s. UltraTech Cement Ltd.,Solan,,2023-12-11T10:10:18.549+00:00,,216089.0,166.0972,https://parivesh.nic.in/newupgrade/#/report/ec?proposalId=30970901
state,2,Himachal Pradesh,top_cost,9,,,FP/HP/REDIV/546667/2025,Proposal for Change in layout of already approved Forest Diversion of 19.1788 ha forest land diverted for Construction of four laning of NH-05 from Shakral Village to Dhalli section (Shimla Bypass Package II from Km 146+300 to Km 156+560 and Shimla Connectivity from Km 0+000 to Km 0+725 for Design length – 10.985 Km) in the state of Himachal Pradesh,NATIONAL HIGHWAY AUTHORITY OF INDIA,Shimla,Pending at UA due to EDS by DFO,2025-07-31T09:39:55.823+00:00,,193322.0,50.8611,https://parivesh.nic.in/newupgrade/#/report/ec?proposalId=133145216
state,2,Himachal Pradesh,top_cost,10,,,IA/HP/INFRA1/450106/2023,"Proposed “Bulk Drug Park” at Villages Kuthar Beet, Pollian Beet, Tibbian, Jodian, Janani and Malluwal, Teh. Haroli, Distt. Una, Himachal Pradesh by M/s Himachal Pradesh Bulk Drug Park Infrastructure Ltd. under Department of Industries, Government of Himachal Pradesh",HIMACHAL PRADESH BULK DRUG PARK INFRASTRUCTURE LIMITED,Una,ToR Granted,2023-10-25T09:54:13.802+00:00,2024-08-01T08:23:46.459+00:00,192300.0,568.75,https://parivesh.nic.in/newupgrade/#/report/ec?proposalId=19475745
state,2,Himachal Pradesh,top_land,1,,,SIA/HP/INFRA2/409217/2022,"Setting up of PGIMER Satellite Centre at UNA, Himachal Pradesh (Phase –I)",RAJAN AGGARWAL,Una,EC Granted,2022-12-03T13:32:51.547+00:00,2023-05-10T14:18:24.377+00:00,49530.0,154393.0,https://parivesh.nic.in/newupgrade/#/report/ec?proposalId=1857400
state,2,Himachal Pradesh,top_land,2,,,WL/HP/Others/438456/2023,PIN VALLEY NATIONAL PARK FINAL NOTIFICATION,Department of Forest,Lahul & Spiti,,2023-07-28T10:38:08.931+00:00,,0.0,69300.0,https://parivesh.nic.in/newupgrade/#/report/ec?proposalId=7185212
state,2,Himachal Pradesh,top_land,3,,,WL/HP/Others/490806/2024,"Final Notification of  Wild Life Sanctuary, Sainj",divisional forest officer great himalayan national park shamshi,Kullu,,2024-08-01T09:11:53.657+00:00,,0.0,9000.0,https://parivesh.nic.in/newupgrade/#/report/ec?proposalId=89522810
state,2,Himachal Pradesh,top_land,4,,,WL/HP/Others/490933/2024,"Final Notification of Wildlife Sanctuary, Tirthan.",divisional forest officer great himalayan national park shamshi,Kullu,,2024-08-02T06:14:36.860+00:00,,0.0,6100.0,https://parivesh.nic.in/newupgrade/#/report/ec?proposalId=89810896
state,2,Himachal Pradesh,top_land,5,,,IA/HP/RIV/435307/2023,Renukaji Dam Project,HIMACHAL PRADESH POWER CORPORATION LIMITED,Sirmaur,Return to UA,2023-07-01T07:32:37.691+00:00,,6946.36,1988.27,https://parivesh.nic.in/newupgrade/#/report/ec?proposalId=6476860
state,2,Himachal Pradesh,top_land,6,,,IA/HP/RIV/542156/2025,Renukaji Dam Project,hIMACHAL pradesh power corporation,Sirmaur,Forwarded to AS,2025-06-20T06:19:51.273+00:00,,6946.36,1988.27,https://parivesh.nic.in/newupgrade/#/report/ec?proposalId=130382793
state,2,Himachal Pradesh,top_land,7,,,WL/HP/Others/491404/2024,Amalgamation of Khirganga National Park with GHNP.,divisional forest officer great himalayan national park shamshi,Kullu,,2024-08-06T07:09:30.367+00:00,,0.0,1464.4,https://parivesh.nic.in/newupgrade/#/report/ec?proposalId=90970898
state,2,Himachal Pradesh,top_land,8,,,WL/HP/Others/422104/2023,Rationalisation of  Boundary of Pong Dam Lake Wildlife Sanctuary,D.F.O. WILD LIFE HAMIRPUR,Kangra,,2023-03-14T13:31:16.397+00:00,,0.0,1393.0,https://parivesh.nic.in/newupgrade/#/report/ec?proposalId=3955157
state,2,Himachal Pradesh,top_land,9,,,WL/HP/ROAD/516727/2024,C/O Bathri Sundla Langera J&K Bounadry Road portio to khundimral KM 87/200 to 93/400  Talai,HIMACHAL PRADESH PUBLIC WORK DEPARTMENT,Chamba,,2024-12-30T14:22:59.849+00:00,,2500.0,615.0,https://parivesh.nic.in/newupgrade/#/report/ec?proposalId=116266970
state,2,Himachal Pradesh,top_land,10,,,IA/HP/INFRA1/450106/2023,"Proposed “Bulk Drug Park” at Villages Kuthar Beet, Pollian Beet, Tibbian, Jodian, Janani and Malluwal, Teh. Haroli, Distt. Una, Himachal Pradesh by M/s Himachal Pradesh Bulk Drug Park Infrastructure Ltd. under Department of Industries, Government of Himachal Pradesh",HIMACHAL PRADESH BULK DRUG PARK INFRASTRUCTURE LIMITED,Una,ToR Granted,2023-10-25T09:54:13.802+00:00,2024-08-01T08:23:46.459+00:00,192300.0,568.75,https://parivesh.nic.in/newupgrade/#/report/ec?proposalId=19475745
state,3,Punjab,stat,,projects,0,,,,,,,,,,
state,3,Punjab,stat,,active_projects,0,,,,,,,,,,
state,3,Punjab,stat,,applications,0,,,,,,,,,,
state,3,Punjab,stat,,ec_granted,0,,,,,,,,,,
state,3,Punjab,stat,,ec_pending,0,,,,,,,,,,
state,3,Punjab,stat,,ec_rejected,0,,,,,,,,,,
state,3,Punjab,stat,,delisted_or_removed,0,,,,,,,,,,
state,3,Punjab,stat,,total_cost_lakhs,0,,,,,,,,,,
state,3,Punjab,stat,,cost_outliers_excluded,0,,,,,,,,,,
state,3,Punjab,stat,,total_land_ha,0,,,,,,,,,,
state,3,Punjab,stat,,latest_application,,,,,,,,,,,
state,3,Punjab,stat,,latest_grant,,,,,,,,,,,
state,3,Punjab,stat,,changes_added,0,,,,,,,,,,
state,3,Punjab,stat,,changes_removed,0,,,,,,,,,,
state,3,Punjab,stat,,changes_updated,0,,,,,,,,,,
state,3,Punjab,stat,,changes_status,0,,,,,,,,,,
state,3,Punjab,stat,,compared_with,,,,,,,,,,,
state,3,Punjab,run,,run_status,not_run,,,,,,,,,,
state,3,Punjab,run,,run_date,,,,,,,,,,,
state,3,Punjab,run,,run_url,,,,,,,,,,,
state,4,Chandigarh,stat,,projects,39,,,,,,,,,,
state,4,Chandigarh,stat,,active_projects,26,,,,,,,,,,
state,4,Chandigarh,stat,,applications,26,,,,,,,,,,
state,4,Chandigarh,stat,,ec_granted,14,,,,,,,,,,
state,4,Chandigarh,stat,,ec_pending,8,,,,,,,,,,
state,4,Chandigarh,stat,,ec_rejected,0,,,,,,,,,,
state,4,Chandigarh,stat,,delisted_or_removed,13,,,,,,,,,,
state,4,Chandigarh,stat,,total_cost_lakhs,2710744.77,,,,,,,,,,
state,4,Chandigarh,stat,,cost_outliers_excluded,1,,,,,,,,,,
state,4,Chandigarh,stat,,total_land_ha,314.2232,,,,,,,,,,
state,4,Chandigarh,stat,,latest_application,2026-06-10T09:27:25.134+00:00,,,,,,,,,,
state,4,Chandigarh,stat,,latest_grant,2026-07-24T13:57:14.784+00:00,,,,,,,,,,
state,4,Chandigarh,stat,,changes_added,10,,,,,,,,,,
state,4,Chandigarh,stat,,changes_removed,1,,,,,,,,,,
state,4,Chandigarh,stat,,changes_updated,9,,,,,,,,,,
state,4,Chandigarh,stat,,changes_status,9,,,,,,,,,,
state,4,Chandigarh,stat,,compared_with,2025-11-13T13:12:24+05:30,,,,,,,,,,
state,4,Chandigarh,status,,DELISTED_BY_SYSTEM,13,,,,,,,,,,
state,4,Chandigarh,status,,EC Granted,8,,,,,,,,,,
state,4,Chandigarh,status,,Proposal pulled back (withdrawn),3,,,,,,,,,,
state,4,Chandigarh,status,,(none),2,,,,,,,,,,
state,4,Chandigarh,status,,Final Diversion Order Issued,2,,,,,,,,,,
state,4,Chandigarh,status,,Pending at State Secretary for Recommendation,2,,,,,,,,,,
state,4,Chandigarh,status,,Standard ToR Granted,2,,,,,,,,,,
state,4,Chandigarh,status,,ToR Granted,1,,,,,,,,,,
state,4,Chandigarh,status,,Withdrawal Request Accepted,1,,,,,,,,,,
state,4,Chandigarh,status,,GRANTED,1,,,,,,,,,,
state,4,Chandigarh,status,,Proposal returned in present form,1,,,,,,,,,,
state,4,Chandigarh,status,,Referred to SEAC,1,,,,,,,,,,
state,4,Chandigarh,status,,Pending at DFO for Scrutiny and Recommendation,1,,,,,,,,,,
state,4,Chandigarh,status,,Pending at MS SEIAA,1,,,,,,,,,,
state,4,Chandigarh,applications_by_year,,2023,3,,,,,,,,,,
state,4,Chandigarh,applications_by_year,,2024,4,,,,,,,,,,
state,4,Chandigarh,applications_by_year,,2025,11,,,,,,,,,,
state,4,Chandigarh,applications_by_year,,2026,8,,,,,,,,,,
state,4,Chandigarh,grants_by_year,,2023,1,,,,,,,,,,
state,4,Chandigarh,grants_by_year,,2025,5,,,,,,,,,,
state,4,Chandigarh,grants_by_year,,2026,8,,,,,,,,,,
state,4,Chandigarh,run,,run_status,ok,,,,,,,,,,
state,4,Chandigarh,run,,run_date,2026-09-30T04:58:08Z,,,,,,,,,,
state,4,Chandigarh,run,,run_url,,,,,,,,,,,
state,4,Chandigarh,top_recent_ec,1,,,SIA/CH/INFRA2/527491/2026,Berkeley Square by M/s RSA motors pvt. ltd.,RSA MOTORS PRIVATE LIMITED,Chandigarh,EC Granted,2025-03-04T09:35:59.450+00:00,2026-07-24T13:57:14.784+00:00,1951.5,0.447,https://parivesh.nic.in/newupgrade/#/report/ec?proposalId=121561284
state,4,Chandigarh,top_recent_ec,2,,,SIA/CH/INFRA2/573706/2026,"Proposed 2nd Fruit, Vegetable and Grain Market at Sector 39, Chandigarh by State Agricultural Marketing Board, U.T. Chandigarh",Chandigarh State Agriculture Marketing Board,Chandigarh,EC Granted,2026-03-26T11:32:57.825+00:00,2026-07-24T13:42:36.584+00:00,23455.0,30.01,https://parivesh.nic.in/newupgrade/#/report/ec?proposalId=1222704895
state,4,Chandigarh,top_recent_ec,3,,,SIA/CH/INFRA2/578710/2026,"Expansion of Existing Common Bio- Medical Waste Management Treatment Facility (CBWTF) at Plot No. 182/9, Industrial Area, Phase 1, Chandigarh",ALLIANCE ENVIROCARE COMPANY PRIVATE LIMITED,Chandigarh,Standard ToR Granted,2026-05-12T07:23:54.869+00:00,2026-07-05T06:58:10.147+00:00,1419.0,0.5,https://parivesh.nic.in/newupgrade/#/report/ec?proposalId=1227340486
state,4,Chandigarh,top_recent_ec,4,,,SIA/CH/INFRA2/547811/2025,"Proposed “New Model Jail” located at Sector 51 Adjoining Main Jail on campus ‘A’ land, Model Jail, Chandigarh by C.P. Division No. 6, U.T., Chandigarh",Ministry of Defense,Chandigarh,EC Granted,2025-08-12T04:48:51.418+00:00,2026-05-01T16:37:27.250+00:00,4422.0,12.14,https://parivesh.nic.in/newupgrade/#/report/ec?proposalId=133864867
state,4,Chandigarh,top_recent_ec,5,,,SIA/CH/INFRA2/574160/2026,Advanced Mother & Child Centre (Phase-I) By Post Graduate Institute of Medical Education & Research (PGIMER),POST GRADUATE INSTITUTE OF MEDICAL EDUCATION AND RESEARCH CHANDIGARH,Amritsar,EC Granted,2026-03-31T06:02:10.113+00:00,2026-04-27T12:23:01.709+00:00,30300.0,1.086,https://parivesh.nic.in/newupgrade/#/report/ec?proposalId=1223014739
state,4,Chandigarh,top_recent_ec,6,,,SIA/CH/INFRA2/573416/2026,Bulk Material Market by Estate Office Chandigarh,Estate Office,Chandigarh,Standard ToR Granted,2026-03-24T08:16:12.278+00:00,2026-04-06T12:07:49.877+00:00,2226.0,33.18,https://parivesh.nic.in/newupgrade/#/report/ec?proposalId=1222487313
state,4,Chandigarh,top_recent_ec,7,,,SIA/CH/INFRA2/455379/2023,BERKELEY SQUARE,RSA MOTORS PRIVATE LIMITED,Chandigarh,EC Granted,2023-12-13T07:18:17.437+00:00,2026-02-06T12:24:42.582+00:00,2000.0,0.447,https://parivesh.nic.in/newupgrade/#/report/ec?proposalId=31489848
state,4,Chandigarh,top_recent_ec,8,,,SIA/CH/INFRA2/561039/2025,"Advanced Neuroscience Centre located at Sector 12, Chandigarh by M/s Post Graduate Institute of Medical Education & Research (PGIMER)",POST GRADUATE INSTITUTE OF MEDICAL EDUCATION AND RESEARCH CHANDIGARH,Chandigarh,EC Granted,2025-12-08T11:56:18.896+00:00,2026-02-06T06:24:38.599+00:00,15.0,1.145,https://parivesh.nic.in/newupgrade/#/report/ec?proposalId=894872778
state,4,Chandigarh,top_recent_ec,9,,,SIA/CH/INFRA2/551190/2025,"Critical Care Block (CCB) by M/s Post Graduate Institute of Medical Education & Research (PGIMER) at PGIMER, Sector-12, Chandigarh",POST GRADUATE INSTITUTE OF MEDICAL EDUCATION AND RESEARCH CHANDIGARH,Chandigarh,EC Granted,2025-09-11T08:25:15.305+00:00,2025-12-24T10:41:12.068+00:00,24381.0,1.1791,https://parivesh.nic.in/newupgrade/#/report/ec?proposalId=136087189
state,4,Chandigarh,top_recent_ec,10,,,SIA/CH/INFRA2/508510/2024,"Critical Care Block (CCB) by M/s Post Graduate Institute of Medical Education & Research (PGIMER) at PGIMER, Sector-12, Chandigarh.",POST GRADUATE INSTITUTE OF MEDICAL EDUCATION AND RESEARCH CHANDIGARH,Chandigarh,Withdrawal Request Accepted,2024-11-27T06:49:26.431+00:00,2025-04-03T09:03:17.533+00:00,24381.0,1.0454,https://parivesh.nic.in/newupgrade/#/report/ec?proposalId=112592624
state,4,Chandigarh,top_cost,1,,,FP/CH/ROAD/501286/2024,Proposal for diversion of forest land i.e. 0.2159 Ha adjoining to rock garden at Pb. & Hry high court,CONSTRUCTION CIRCLE 2 UT CHANDIGARH,Chandigarh,Final Diversion Order Issued,2024-10-16T09:18:53.615+00:00,2025-01-16T11:56:27.622+00:00,2000000.0,0.2159,https://parivesh.nic.in/newupgrade/#/report/ec?proposalId=109732843
state,4,Chandigarh,top_cost,2,,,FP/CH/OTHERS/564394/2026,PROVIDING STREET LIGHTING THROUGH UNDERGROUND CABLE ON ROAD ALONG DHANAS LAKE,ENGINEERING DEPARTMENT (ELECTRICAL),Chandigarh,Pending at DFO for Scrutiny and Recommendation,2026-01-06T07:04:52.333+00:00,,378829.0,0.0235,https://parivesh.nic.in/newupgrade/#/report/ec?proposalId=1214913678
state,4,Chandigarh,top_cost,3,,,SIA/CH/INFRA2/539539/2025,Sheraton Chandigarh Hotel,JOY HOTEL AND RESORTS PRIVATE LIMITED,Chandigarh,Referred to SEAC,2025-05-29T06:23:55.404+00:00,,45521.0,0.8941,https://parivesh.nic.in/newupgrade/#/report/ec?proposalId=128423873
state,4,Chandigarh,top_cost,4,,,IA/CH/INFRA2/440842/2023,"Integrated Solid Waste Management System at Dadu Majra, Chandigarh",MUNICIPAL CORPORATION CHANDIGARH,Chandigarh,ToR Granted,2023-08-18T10:55:14.760+00:00,2023-12-21T11:47:52.083+00:00,40000.0,18.255,https://parivesh.nic.in/newupgrade/#/report/ec?proposalId=8080993
state,4,Chandigarh,top_cost,5,,,IA/CH/INFRA2/518478/2025,"Integrated Solid Waste Management System at Dadu Majra, Chandigarh",MUNICIPAL CORPORATION CHANDIGARH,Chandigarh,EC Granted,2025-01-14T09:24:12.581+00:00,2025-02-21T04:35:24.002+00:00,40000.0,18.255,https://parivesh.nic.in/newupgrade/#/report/ec?proposalId=117505902
state,4,Chandigarh,top_cost,6,,,SIA/CH/INFRA2/574160/2026,Advanced Mother & Child Centre (Phase-I) By Post Graduate Institute of Medical Education & Research (PGIMER),POST GRADUATE INSTITUTE OF MEDICAL EDUCATION AND RESEARCH CHANDIGARH,Amritsar,EC Granted,2026-03-31T06:02:10.113+00:00,2026-04-27T12:23:01.709+00:00,30300.0,1.086,https://parivesh.nic.in/newupgrade/#/report/ec?proposalId=1223014739
state,4,Chandigarh,top_cost,7,,,IA/CH/IND1/529298/2026,"Cold rolling steel manufacturing unit at Plot No.71, Industrial area, Phase-I, Chandigarh by M/s Bhushan Power and Steel Limited",BHUSHAN POWER & STEEL LIMITED,Chandigarh,Proposal returned in present form,2025-03-13T07:13:41.985+00:00,,24505.0,1.64,https://parivesh.nic.in/newupgrade/#/report/ec?proposalId=122351530
state,4,Chandigarh,top_cost,8,,,SIA/CH/INFRA2/508510/2024,"Critical Care Block (CCB) by M/s Post Graduate Institute of Medical Education & Research (PGIMER) at PGIMER, Sector-12, Chandigarh.",POST GRADUATE INSTITUTE OF MEDICAL EDUCATION AND RESEARCH CHANDIGARH,Chandigarh,Withdrawal Request Accepted,2024-11-27T06:49:26.431+00:00,2025-04-03T09:03:17.533+00:00,24381.0,1.0454,https://parivesh.nic.in/newupgrade/#/report/ec?proposalId=112592624
state,4,Chandigarh,top_cost,9,,,SIA/CH/INFRA2/532754/2025,"Critical Care Block (CCB) by M/s Post Graduate Institute of Medical Education & Research (PGIMER) at PGIMER, Sector-12, Chandigarh.",POST GRADUATE INSTITUTE OF MEDICAL EDUCATION AND RESEARCH CHANDIGARH,Chandigarh,Proposal pulled back (withdrawn),2025-04-04T04:20:01.651+00:00,,24381.0,1.0454,https://parivesh.nic.in/newupgrade/#/report/ec?proposalId=124200333
state,4,Chandigarh,top_cost,10,,,SIA/CH/INFRA2/533735/2025,"Critical Care Block (CCB) by M/s Post Graduate Institute of Medical Education & Research (PGIMER) at PGIMER, Sector-12, Chandigarh.",POST GRADUATE INSTITUTE OF MEDICAL EDUCATION AND RESEARCH CHANDIGARH,Chandigarh,Proposal pulled back (withdrawn),2025-04-11T10:23:06.246+00:00,,24381.0,1.0454,https://parivesh.nic.in/newupgrade/#/report/ec?proposalId=124709521
state,4,Chandigarh,top_land,1,,,WL/CH/SRY/452149/2023,PCL Gateway,INNOVATIVE HOUSING AND INFRASTRUCTURE PRIVATE LIMITED,Sahibzada Ajit Singh Nag*,,2023-11-11T17:12:03.331+00:00,,14326.9855,155.9,https://parivesh.nic.in/newupgrade/#/report/ec?proposalId=23513222
state,4,Chandigarh,top_land,2,,,SIA/CH/INFRA2/573416/2026,Bulk Material Market by Estate Office Chandigarh,Estate Office,Chandigarh,Standard ToR Granted,2026-03-24T08:16:12.278+00:00,2026-04-06T12:07:49.877+00:00,2226.0,33.18,https://parivesh.nic.in/newupgrade/#/report/ec?proposalId=1222487313
state,4,Chandigarh,top_land,3,,,SIA/CH/INFRA2/576040/2026,Bulk Material Market by Estate Office Chandigarh,Estate Office,Chandigarh,Pending at MS SEIAA,2026-04-17T08:15:10.700+00:00,,2226.0,33.18,https://parivesh.nic.in/newupgrade/#/report/ec?proposalId=1224603721
state,4,Chandigarh,top_land,4,,,SIA/CH/INFRA2/573706/2026,"Proposed 2nd Fruit, Vegetable and Grain Market at Sector 39, Chandigarh by State Agricultural Marketing Board, U.T. Chandigarh",Chandigarh State Agriculture Marketing Board,Chandigarh,EC Granted,2026-03-26T11:32:57.825+00:00,2026-07-24T13:42:36.584+00:00,23455.0,30.01,https://parivesh.nic.in/newupgrade/#/report/ec?proposalId=1222704895
state,4,Chandigarh,top_land,5,,,IA/CH/INFRA2/440842/2023,"Integrated Solid Waste Management System at Dadu Majra, Chandigarh",MUNICIPAL CORPORATION CHANDIGARH,Chandigarh,ToR Granted,2023-08-18T10:55:14.760+00:00,2023-12-21T11:47:52.083+00:00,40000.0,18.255,https://parivesh.nic.in/newupgrade/#/report/ec?proposalId=8080993
state,4,Chandigarh,top_land,6,,,IA/CH/INFRA2/518478/2025,"Integrated Solid Waste Management System at Dadu Majra, Chandigarh",MUNICIPAL CORPORATION CHANDIGARH,Chandigarh,EC Granted,2025-01-14T09:24:12.581+00:00,2025-02-21T04:35:24.002+00:00,40000.0,18.255,https://parivesh.nic.in/newupgrade/#/report/ec?proposalId=117505902
state,4,Chandigarh,top_land,7,,,SIA/CH/INFRA2/547811/2025,"Proposed “New Model Jail” located at Sector 51 Adjoining Main Jail on campus ‘A’ land, Model Jail, Chandigarh by C.P. Division No. 6, U.T., Chandigarh",Ministry of Defense,Chandigarh,EC Granted,2025-08-12T04:48:51.418+00:00,2026-05-01T16:37:27.250+00:00,4422.0,12.14,https://parivesh.nic.in/newupgrade/#/report/ec?proposalId=133864867
state,4,Chandigarh,top_land,8,,,IA/CH/IND1/529298/2026,"Cold rolling steel manufacturing unit at Plot No.71, Industrial area, Phase-I, Chandigarh by M/s Bhushan Power and Steel Limited",BHUSHAN POWER & STEEL LIMITED,Chandigarh,Proposal returned in present form,2025-03-13T07:13:41.985+00:00,,24505.0,1.64,https://parivesh.nic.in/newupgrade/#/report/ec?proposalId=122351530
state,4,Chandigarh,top_land,9,,,SIA/CH/INFRA2/551190/2025,"Critical Care Block (CCB) by M/s Post Graduate Institute of Medical Education & Research (PGIMER) at PGIMER, Sector-12, Chandigarh",POST GRADUATE INSTITUTE OF MEDICAL EDUCATION AND RESEARCH CHANDIGARH,Chandigarh,EC Granted,2025-09-11T08:25:15.305+00:00,2025-12-24T10:41:12.068+00:00,24381.0,1.1791,https://parivesh.nic.in/newupgrade/#/report/ec?proposalId=136087189
state,4,Chandigarh,top_land,10,,,SIA/CH/INFRA2/561039/2025,"Advanced Neuroscience Centre located at Sector 12, Chandigarh by M/s Post Graduate Institute of Medical Education & Research (PGIMER)",POST GRADUATE INSTITUTE OF MEDICAL EDUCATION AND RESEARCH CHANDIGARH,Chandigarh,EC Granted,2025-12-08T11:56:18.896+00:00,2026-02-06T06:24:38.599+00:00,15.0,1.145,https://parivesh.nic.in/newupgrade/#/report/ec?proposalId=894872778
state,4,Chandigarh,recent_change,1,status: ADS Raised → EC Granted,,SIA/CH/INFRA2/551190/2025,"Critical Care Block (CCB) by M/s Post Graduate Institute of Medical Education & Research (PGIMER) at PGIMER, Sector-12, Chandigarh",POST GRADUATE INSTITUTE OF MEDICAL EDUCATION AND RESEARCH CHANDIGARH,Chandigarh,EC Granted,2025-09-11T08:25:15.305+00:00,2025-12-24T10:41:12.068+00:00,24381.0,1.1791,https://parivesh.nic.in/newupgrade/#/report/ec?proposalId=136087189
state,4,Chandigarh,recent_change,2,status: ADS Raised → EC Granted,,SIA/CH/INFRA2/547811/2025,"Proposed “New Model Jail” located at Sector 51 Adjoining Main Jail on campus ‘A’ land, Model Jail, Chandigarh by C.P. Division No. 6, U.T., Chandigarh",Ministry of Defense,Chandigarh,EC Granted,2025-08-12T04:48:51.418+00:00,2026-05-01T16:37:27.250+00:00,4422.0,12.14,https://parivesh.nic.in/newupgrade/#/report/ec?proposalId=133864867
state,4,Chandigarh,recent_change,3,status: DELISTED_BY_SYSTEM → EC Granted,,SIA/CH/INFRA2/527491/2026,Berkeley Square by M/s RSA motors pvt. ltd.,RSA MOTORS PRIVATE LIMITED,Chandigarh,EC Granted,2025-03-04T09:35:59.450+00:00,2026-07-24T13:57:14.784+00:00,1951.5,0.447,https://parivesh.nic.in/newupgrade/#/report/ec?proposalId=121561284
state,4,Chandigarh,recent_change,4,status: Proposal Accepted and Referred to SEAC → EC Granted,,SIA/CH/INFRA2/455379/2023,BERKELEY SQUARE,RSA MOTORS PRIVATE LIMITED,Chandigarh,EC Granted,2023-12-13T07:18:17.437+00:00,2026-02-06T12:24:42.582+00:00,2000.0,0.447,https://parivesh.nic.in/newupgrade/#/report/ec?proposalId=31489848
state,4,Chandigarh,recent_change,5,status: ADS Raised → DELISTED_BY_SYSTEM,,SIA/CH/INFRA2/552066/2025,"Advanced Neuroscience Centre located at Sector 12, Chandigarh by M/s Post Graduate Institute of Medical Education & Research (PGIMER)",POST GRADUATE INSTITUTE OF MEDICAL EDUCATION AND RESEARCH CHANDIGARH,Chandigarh,DELISTED_BY_SYSTEM,2025-09-18T08:20:50.976+00:00,,15.0,1.145,https://parivesh.nic.in/newupgrade/#/report/ec?proposalId=136515070
state,4,Chandigarh,recent_change,6,status: Under Examination → Referred to SEAC,,SIA/CH/INFRA2/539539/2025,Sheraton Chandigarh Hotel,JOY HOTEL AND RESORTS PRIVATE LIMITED,Chandigarh,Referred to SEAC,2025-05-29T06:23:55.404+00:00,,45521.0,0.8941,https://parivesh.nic.in/newupgrade/#/report/ec?proposalId=128423873
state,4,Chandigarh,recent_change,7,status: Under Examination → Proposal pulled back (withdrawn),,SIA/CH/INFRA2/533735/2025,"Critical Care Block (CCB) by M/s Post Graduate Institute of Medical Education & Research (PGIMER) at PGIMER, Sector-12, Chandigarh.",POST GRADUATE INSTITUTE OF MEDICAL EDUCATION AND RESEARCH CHANDIGARH,Chandigarh,Proposal pulled back (withdrawn),2025-04-11T10:23:06.246+00:00,,24381.0,1.0454,https://parivesh.nic.in/newupgrade/#/report/ec?proposalId=124709521
state,4,Chandigarh,recent_change,8,status: Pending at MS for Proposal Withdraw Request → Proposal pulled back (withdrawn),,SIA/CH/INFRA2/532754/2025,"Critical Care Block (CCB) by M/s Post Graduate Institute of Medical Education & Research (PGIMER) at PGIMER, Sector-12, Chandigarh.",POST GRADUATE INSTITUTE OF MEDICAL EDUCATION AND RESEARCH CHANDIGARH,Chandigarh,Proposal pulled back (withdrawn),2025-04-04T04:20:01.651+00:00,,24381.0,1.0454,https://parivesh.nic.in/newupgrade/#/report/ec?proposalId=124200333
state,4,Chandigarh,recent_change,9,status: EDS Raised → Proposal returned in present form,,IA/CH/IND1/529298/2026,"Cold rolling steel manufacturing unit at Plot No.71, Industrial area, Phase-I, Chandigarh by M/s Bhushan Power and Steel Limited",BHUSHAN POWER & STEEL LIMITED,Chandigarh,Proposal returned in present form,2025-03-13T07:13:41.985+00:00,,24505.0,1.64,https://parivesh.nic.in/newupgrade/#/report/ec?proposalId=122351530
state,4,Chandigarh,recent_change,10,added,,IA/CH/INFRA2/581771/2026,Berkeley Square by M/s RSA Motors Pvt. Ltd.,RSA MOTORS PRIVATE LIMITED,Chandigarh,Proposal pulled back (withdrawn),2026-06-10T09:27:25.134+00:00,,1951.5,0.447,https://parivesh.nic.in/newupgrade/#/report/ec?proposalId=1231643791
state,5,Uttarakhand,stat,,projects,0,,,,,,,,,,
state,5,Uttarakhand,stat,,active_projects,0,,,,,,,,,,
state,5,Uttarakhand,stat,,applications,0,,,,,,,,,,
state,5,Uttarakhand,stat,,ec_granted,0,,,,,,,,,,
state,5,Uttarakhand,stat,,ec_pending,0,,,,,,,,,,
state,5,Uttarakhand,stat,,ec_rejected,0,,,,,,,,,,
state,5,Uttarakhand,stat,,delisted_or_removed,0,,,,,,,,,,
state,5,Uttarakhand,stat,,total_cost_lakhs,0,,,,,,,,,,
state,5,Uttarakhand,stat,,cost_outliers_excluded,0,,,,,,,,,,
state,5,Uttarakhand,stat,,total_land_ha,0,,,,,,,,,,
state,5,Uttarakhand,stat,,latest_application,,,,,,,,,,,
state,5,Uttarakhand,stat,,latest_grant,,,,,,,,,,,
state,5,Uttarakhand,stat,,changes_added,0,,,,,,,,,,
state,5,Uttarakhand,stat,,changes_removed,0,,,,,,,,,,
state,5,Uttarakhand,stat,,changes_updated,0,,,,,,,,,,
state,5,Uttarakhand,stat,,changes_status,0,,,,,,,,,,
state,5,Uttarakhand,stat,,compared_with,,,,,,,,,,,
state,5,Uttarakhand,run,,run_status,not_run,,,,,,,,,,
state,5,Uttarakhand,run,,run_date,,,,,,,,,,,
state,5,Uttarakhand,run,,run_url,,,,,,,,,,,
state,6,Haryana,stat,,projects,0,,,,,,,,,,
state,6,Haryana,stat,,active_projects,0,,,,,,,,,,
state,6,Haryana,stat,,applications,0,,,,,,,,,,
state,6,Haryana,stat,,ec_granted,0,,,,,,,,,,
state,6,Haryana,stat,,ec_pending,0,,,,,,,,,,
state,6,Haryana,stat,,ec_rejected,0,,,,,,,,,,
state,6,Haryana,stat,,delisted_or_removed,0,,,,,,,,,,
state,6,Haryana,stat,,total_cost_lakhs,0,,,,,,,,,,
state,6,Haryana,stat,,cost_outliers_excluded,0,,,,,,,,,,
state,6,Haryana,stat,,total_land_ha,0,,,,,,,,,,
state,6,Haryana,stat,,latest_application,,,,,,,,,,,
state,6,Haryana,stat,,latest_grant,,,,,,,,,,,
state,6,Haryana,stat,,changes_added,0,,,,,,,,,,
state,6,Haryana,stat,,changes_removed,0,,,,,,,,,,
state,6,Haryana,stat,,changes_updated,0,,,,,,,,,,
state,6,Haryana,stat,,changes_status,0,,,,,,,,,,
state,6,Haryana,stat,,compared_with,,,,,,,,,,,
state,6,Haryana,run,,run_status,not_run,,,,,,,,,,
state,6,Haryana,run,,run_date,,,,,,,,,,,
state,6,Haryana,run,,run_url,,,,,,,,,,,
state,7,Delhi,stat,,projects,230,,,,,,,,,,
state,7,Delhi,stat,,active_projects,170,,,,,,,,,,
state,7,Delhi,stat,,applications,170,,,,,,,,,,
state,7,Delhi,stat,,ec_granted,75,,,,,,,,,,
state,7,Delhi,stat,,ec_pending,84,,,,,,,,,,
state,7,Delhi,stat,,ec_rejected,0,,,,,,,,,,
state,7,Delhi,stat,,delisted_or_removed,60,,,,,,,,,,
state,7,Delhi,stat,,total_cost_lakhs,14706955.83,,,,,,,,,,
state,7,Delhi,stat,,cost_outliers_excluded,0,,,,,,,,,,
state,7,Delhi,stat,,total_land_ha,47584.8759,,,,,,,,,,
state,7,Delhi,stat,,latest_application,2025-10-16T16:51:52.448+00:00,,,,,,,,,,
state,7,Delhi,stat,,latest_grant,2025-07-28T03:16:28.331+00:00,,,,,,,,,,
state,7,Delhi,stat,,changes_added,0,,,,,,,,,,
state,7,Delhi,stat,,changes_removed,0,,,,,,,,,,
state,7,Delhi,stat,,changes_updated,0,,,,,,,,,,
state,7,Delhi,stat,,changes_status,0,,,,,,,,,,
state,7,Delhi,stat,,compared_with,2026-09-30T16:00:09+05:30,,,,,,,,,,
state,7,Delhi,status,,DELISTED_BY_SYSTEM,60,,,,,,,,,,
state,7,Delhi,status,,EC Granted,54,,,,,,,,,,
state,7,Delhi,status,,Under Examination,31,,,,,,,,,,
state,7,Delhi,status,,(none),19,,,,,,,,,,
state,7,Delhi,status,,Forwarded to MS,7,,,,,,,,,,
state,7,Delhi,status,,Proposal returned in present form,7,,,,,,,,,,
state,7,Delhi,status,,Pending at DFO for Scrutiny and Recommendation,6,,,,,,,,,,
state,7,Delhi,status,,Standard ToR Granted,6,,,,,,,,,,
state,7,Delhi,status,,Pending at UA for DFO EDS Reply,5,,,,,,,,,,
state,7,Delhi,status,,Proposal Withdrawal Request Accepted,4,,,,,,,,,,
state,7,Delhi,status,,Final Diversion Order Issued,3,,,,,,,,,,
state,7,Delhi,status,,TOR Granted,3,,,,,,,,,,
state,7,Delhi,status,,Pending at UA for Compliance Report,3,,,,,,,,,,
state,7,Delhi,status,,REJECTED,2,,,,,,,,,,
state,7,Delhi,status,,ToR Granted,2,,,,,,,,,,
state,7,Delhi,status,,Under Verification,2,,,,,,,,,,
state,7,Delhi,status,,Withdrawal Request Accepted,2,,,,,,,,,,
state,7,Delhi,status,,Pending at DFO due to EDS by Nodal Officer,2,,,,,,,,,,
state,7,Delhi,status,,Proposal Accepted and Referred to EAC,2,,,,,,,,,,
state,7,Delhi,status,,Pending on UA for Compensatory Levies Payment,1,,,,,,,,,,
state,7,Delhi,status,,"Pending at Technical Officer - MoEFCC, HQ",1,,,,,,,,,,
state,7,Delhi,status,,Pending at UA for Compensatory Levies Payment and Compliance Report,1,,,,,,,,,,
state,7,Delhi,status,,Granted,1,,,,,,,,,,
state,7,Delhi,status,,Rejected in PSC-I,1,,,,,,,,,,
state,7,Delhi,status,,Proposal pulled back (withdrawn),1,,,,,,,,,,
state,7,Delhi,status,,Pending at DFO due to EDS by CF,1,,,,,,,,,,
state,7,Delhi,status,,Forwarded to DD,1,,,,,,,,,,
state,7,Delhi,status,,Pending at Technical Officer,1,,,,,,,,,,
state,7,Delhi,status,,Pending at MS for Acceptance in PSC-I,1,,,,,,,,,,
state,7,Delhi,applications_by_year,,2022,23,,,,,,,,,,
state,7,Delhi,applications_by_year,,2023,40,,,,,,,,,,
state,7,Delhi,applications_by_year,,2024,55,,,,,,,,,,
state,7,Delhi,applications_by_year,,2025,52,,,,,,,,,,
state,7,Delhi,grants_by_year,,2023,17,,,,,,,,,,
state,7,Delhi,grants_by_year,,2024,33,,,,,,,,,,
state,7,Delhi,grants_by_year,,2025,25,,,,,,,,,,
state,7,Delhi,run,,run_status,ok,,,,,,,,,,
state,7,Delhi,run,,run_date,2026-09-30T04:58:08Z,,,,,,,,,,
state,7,Delhi,run,,run_url,,,,,,,,,,,
state,7,Delhi,top_recent_ec,1,,,FP/DL/ROAD/409016/2022,Construction of six lane RCC bridge on downstream of existing bridge on Chhawla Najafgarh Road,IRRIGATION & FLOOD CONTROL DEPARTMENT,South West,Final Diversion Order Issued,2022-12-02T09:01:54.662+00:00,2025-07-28T03:16:28.331+00:00,2721.01,0.7279,https://parivesh.nic.in/newupgrade/#/report/ec?proposalId=1834264
state,7,Delhi,top_recent_ec,2,,,IA/DL/THE/536932/2025,"Proposed Waste to Energy Project 50 MW, DSIIDC Industrial Area, sector-5, Bawana, Delhi-110039 by M/s Jindal Urban Waste Management (Bawana) Limited.",JINDAL URBAN WASTE MANAGEMENT (BAWANA) LIMITED,North,EC Granted,2025-05-08T15:42:28.686+00:00,2025-06-18T09:16:25.141+00:00,66000.0,6.07,https://parivesh.nic.in/newupgrade/#/report/ec?proposalId=126546966
state,7,Delhi,top_recent_ec,3,,,IA/DL/INFRA2/515776/2024,Amendment in existing Environment Clearance of Indira Gandhi International Airport,DELHI INTERNATIONAL AIRPORT LIMITED,New Delhi,EC Granted,2024-12-23T09:25:47.237+00:00,2025-04-11T05:19:17.850+00:00,1600000.0,2066.325,https://parivesh.nic.in/newupgrade/#/report/ec?proposalId=115578887
state,7,Delhi,top_recent_ec,4,,,IA/DL/INFRA2/514212/2024,"Proposed Medical College attached to Atal Bihari Vajpayee Institute of Medical Sciences & Dr. Ram Manohar Lohia Hospital at Baba Kharak Singh Marg Area, New Delhi","Ministry of Health & Family Welfare Dept.,Govt. of India",New Delhi,EC Granted,2024-12-11T07:04:01.102+00:00,2025-03-03T06:01:36.862+00:00,47500.0,1.2183,https://parivesh.nic.in/newupgrade/#/report/ec?proposalId=114481284
state,7,Delhi,top_recent_ec,5,,,IA/DL/INFRA2/479971/2024,"Modification and Expansion of Indian Insititute of Technology located at Hauz Khas, Delhi by Indian Insititute of Technology",INDIAN INSTITUTE OF TECHNOLOGY,South,EC Granted,2024-06-08T10:25:26.864+00:00,2025-02-21T04:54:46.171+00:00,96396.0,126.47,https://parivesh.nic.in/newupgrade/#/report/ec?proposalId=74746945
state,7,Delhi,top_recent_ec,6,,,FP/DL/PWR_TRANS/448829/2023,LILO OF 765 KV Meerut-Bhiwani Tranmission Line at Narela,POWERGRID NARELA TRANSMISSION LIMITED,North,Final Diversion Order Issued,2023-10-14T06:30:33.825+00:00,2025-02-21T04:53:25.612+00:00,10877.0,27.5906,https://parivesh.nic.in/newupgrade/#/report/ec?proposalId=16928662
state,7,Delhi,top_recent_ec,7,,,FP/DL/TRANS/441848/2023,765kV Khetri-Narela transmission line,POWERGRID NARELA TRANSMISSION LIMITED,North,Final Diversion Order Issued,2023-08-25T12:16:14.136+00:00,2025-02-19T12:47:55.514+00:00,64700.0,47.7576,https://parivesh.nic.in/newupgrade/#/report/ec?proposalId=8717324
state,7,Delhi,top_recent_ec,8,,,IA/DL/INFRA2/508662/2024,"Construction of Supreme Court Building for Creating Additional Court Rooms Including Constitutional Court, Chambers for the Hon’ble Judges and Facilities for Lawyers & Litigants",Central Public Works Department,New Delhi,EC Granted,2024-11-27T10:47:30.537+00:00,2025-02-12T04:53:41.745+00:00,44500.0,2.25,https://parivesh.nic.in/newupgrade/#/report/ec?proposalId=112643610
state,7,Delhi,top_recent_ec,9,,,IA/DL/INFRA2/509182/2024,"Creation of New Infrastructure at Surajmal Vihar Campus, University of Delhi (Phase I)",University of Delhi,Shahdara,EC Granted,2024-11-28T12:39:01.615+00:00,2025-02-10T09:07:24.687+00:00,21721.0,6.1674,https://parivesh.nic.in/newupgrade/#/report/ec?proposalId=112842459
state,7,Delhi,top_recent_ec,10,,,IA/DL/INFRA2/514066/2024,"Amendment in EC For Expansion of Group Housing colony  at Plot No.: B-319, Okhla Ind. area, Ph-1 New Delhi BY M/S GODREJ VESTAMARK LLP",GODREJ VESTAMARK LLP,South East,Proposal Withdrawal Request Accepted,2024-12-10T06:40:50.306+00:00,2025-02-04T06:52:55.628+00:00,86300.0,2.0879,https://parivesh.nic.in/newupgrade/#/report/ec?proposalId=114372085
state,7,Delhi,top_cost,1,,,SIA/DL/INFRA2/418874/2023,Proposed addition in commercial complex’ namely ‘Cross River Mall’,STC DEVELOPERS PRIVATE LIMITED,Shahdara,,2023-02-17T14:29:18.618+00:00,,3144890.7,12380.0,https://parivesh.nic.in/newupgrade/#/report/ec?proposalId=3149360
state,7,Delhi,top_cost,2,,,IA/DL/INFRA2/515776/2024,Amendment in existing Environment Clearance of Indira Gandhi International Airport,DELHI INTERNATIONAL AIRPORT LIMITED,New Delhi,EC Granted,2024-12-23T09:25:47.237+00:00,2025-04-11T05:19:17.850+00:00,1600000.0,2066.325,https://parivesh.nic.in/newupgrade/#/report/ec?proposalId=115578887
state,7,Delhi,top_cost,3,,,IA/DL/INFRA2/544162/2025,"Proposed Expansion of Redevelopment of All India Institute of Medical Sciences (AIIMS), New Delhi by All India Institute of Medical Sciences, New Delhi",ALL INDIA INSTITUTE OF MEDICAL SCIENCE,South East,Under Examination,2025-07-08T11:25:49.431+00:00,,1568092.0,61.7347,https://parivesh.nic.in/newupgrade/#/report/ec?proposalId=131738027
state,7,Delhi,top_cost,4,,,IA/DL/IND2/544093/2025,ISSAPUR OIL MIL,OMKAR SINGH,South West,,2025-07-08T05:47:27.484+00:00,,1200000.0,0.0082,https://parivesh.nic.in/newupgrade/#/report/ec?proposalId=131687002
state,7,Delhi,top_cost,5,,,FP/DL/ROAD/484131/2024,"Noc for tree cutting at Railway Land Parcel at Ashok Vihar, Delhi, Village- Wazirpur & Sadhora Kalan",Rail Land development authority,North,Rejected in PSC-I,2024-06-26T17:33:56.807+00:00,,486500.0,7.87,https://parivesh.nic.in/newupgrade/#/report/ec?proposalId=78922664
state,7,Delhi,top_cost,6,,,FP/DL/OTHERS/458849/2024,Construction of a road tunnel for NH-148AE with its approach and connection to NH-248BB in NCT of Delhi,MINISTRY OF ROAD TRANSPORT & HIGHWAYS,New Delhi,Pending at UA for Compliance Report,2024-01-16T04:22:16.036+00:00,,408909.0,10.5145,https://parivesh.nic.in/newupgrade/#/report/ec?proposalId=39153397
state,7,Delhi,top_cost,7,,,IA/DL/INFRA1/540199/2025,Construction of a road tunnel for NH-148AE with its approach and connection to NH-248BB in NCT of Delhi,MINISTRY OF ROAD TRANSPORT & HIGHWAYS,New Delhi,,2025-06-04T07:29:09.995+00:00,,408909.0,10.5145,https://parivesh.nic.in/newupgrade/#/report/ec?proposalId=129160220
state,7,Delhi,top_cost,8,,,IA/DL/INFRA1/540378/2025,Construction of a road tunnel for NH-148AE with its approach and connection to NH-248BB in NCT of Delhi,MINISTRY OF ROAD TRANSPORT & HIGHWAYS,New Delhi,Forwarded to DD,2025-06-05T07:45:32.896+00:00,,408909.0,10.5145,https://parivesh.nic.in/newupgrade/#/report/ec?proposalId=129262628
state,7,Delhi,top_cost,9,,,IA/DL/INFRA2/486843/2024,"Expansion of Mega Commercial Development at Plot no. LP 1B 02 Gateway District, Aerocity, Indira Gandhi International Airport, New Delhi",ANGELICA DEVELOPERS LIMITED,New Delhi,Standard ToR Granted,2024-07-09T11:00:11.026+00:00,2024-09-23T06:52:30.056+00:00,197300.0,9.2145,https://parivesh.nic.in/newupgrade/#/report/ec?proposalId=82743257
state,7,Delhi,top_cost,10,,,IA/DL/INFRA2/500717/2024,"Expansion of Mega Commercial Development at Plot no. LP 1B 02 Gateway District, Aerocity, Indira Gandhi International Airport, New Delhi",ANGELICA DEVELOPERS LIMITED,New Delhi,Forwarded to MS,2024-10-11T09:34:41.586+00:00,,197300.0,9.2145,https://parivesh.nic.in/newupgrade/#/report/ec?proposalId=109526450
state,7,Delhi,top_land,1,,,IA/DL/INFRA2/542167/2025,"Transfer of EC for the project shopping Mall Plot No-4.Vasant Kunj Mall, Vasant Kunj , New Delhi",DLF CYBER CITY DEVELOPERS LIMITED,New Delhi,Under Examination,2025-06-20T06:43:21.673+00:00,,25000.0,15300.0,https://parivesh.nic.in/newupgrade/#/report/ec?proposalId=130386247
state,7,Delhi,top_land,2,,,IA/DL/INFRA2/545304/2025,Expansion of shopping mall,DLF CYBER CITY DEVELOPERS LIMITED,New Delhi,Under Examination,2025-07-18T11:32:55.303+00:00,,480.5,15300.0,https://parivesh.nic.in/newupgrade/#/report/ec?proposalId=132357959
state,7,Delhi,top_land,3,,,SIA/DL/INFRA2/418874/2023,Proposed addition in commercial complex’ namely ‘Cross River Mall’,STC DEVELOPERS PRIVATE LIMITED,Shahdara,,2023-02-17T14:29:18.618+00:00,,3144890.7,12380.0,https://parivesh.nic.in/newupgrade/#/report/ec?proposalId=3149360
state,7,Delhi,top_land,4,,,IA/DL/INFRA2/515776/2024,Amendment in existing Environment Clearance of Indira Gandhi International Airport,DELHI INTERNATIONAL AIRPORT LIMITED,New Delhi,EC Granted,2024-12-23T09:25:47.237+00:00,2025-04-11T05:19:17.850+00:00,1600000.0,2066.325,https://parivesh.nic.in/newupgrade/#/report/ec?proposalId=115578887
state,7,Delhi,top_land,5,,,IA/DL/INFRA2/518408/2025,"PROPOSED HOSTEL BUILDING FOR SCHOOL OF ENGINEERING & ATAL BIHARI VAJPAYEE SCHOOL OF MANAGEMENT AND ENTREPRENEURSHIP (SOE & ABVSME) AT EXISTING JNU CAMPUS, NEW DELHI",Jawaharlal Nehru University,South,Standard ToR Granted,2025-01-13T12:33:40.772+00:00,2025-01-22T05:52:39.112+00:00,16900.0,385.415,https://parivesh.nic.in/newupgrade/#/report/ec?proposalId=117468767
state,7,Delhi,top_land,6,,,IA/DL/INFRA2/553709/2025,"PROPOSED HOSTEL BUILDING FOR SCHOOL OF ENGINEERING & ATAL BIHARI VAJPAYEE SCHOOL OF MANAGEMENT AND ENTREPRENEURSHIP (SOE & ABVSME) AT EXISTING JNU CAMPUS, NEW DELHI",Jawaharlal Nehru University,South,Under Examination,2025-09-30T12:16:40.063+00:00,,16900.0,385.415,https://parivesh.nic.in/newupgrade/#/report/ec?proposalId=137298421
state,7,Delhi,top_land,7,,,FP/DL/RAIL/413308/2023,3rd-4th Broad Gauge  Railway Line between  Anand Vihar- Tilak Bridge.(Northren Railway),"NORTHERN RAILWAY,CONSTRUCTION",East,Pending on UA for Compensatory Levies Payment,2023-01-05T08:27:01.050+00:00,,41812.016,176.0214,https://parivesh.nic.in/newupgrade/#/report/ec?proposalId=2363567
state,7,Delhi,top_land,8,,,FP/DL/TRANS/451773/2023,Removal of LILO of Bawana- Mandola 400kV D/C line at Maharanibagh S/S and Extension of above LILO section from Maharanibagh upto Narela S/S so as to form 2X400kVD/C Maharanibagh- Narela line on Multicircuit tower using Twin HTLS conductor (RTM-Part G1),POWER GRID CORPORATION OF INDIA LTD,North,Pending at UA for Compliance Report,2023-11-08T10:22:20.553+00:00,,33306.0,130.5894,https://parivesh.nic.in/newupgrade/#/report/ec?proposalId=22788529
state,7,Delhi,top_land,9,,,IA/DL/INFRA2/470534/2024,"Construction of Boys Hostel & Girls Hostel and its services (Package- II) under EPC mode of contract at IIT, Delhi by M/s Indian Institute Technology",INDIAN INSTITUTE OF TECHNOLOGY,South,Withdrawal Request Accepted,2024-04-25T06:04:43.873+00:00,2025-01-22T10:21:10.508+00:00,24135.0,126.4727,https://parivesh.nic.in/newupgrade/#/report/ec?proposalId=63038158
state,7,Delhi,top_land,10,,,IA/DL/INFRA2/483998/2024,"Modification and Expansion of Indian Insititute of Technology located at Hauz Khas, Delhi by Indian Insititute of Technology",INDIAN INSTITUTE OF TECHNOLOGY,South,ToR Granted,2023-11-02T11:50:13.996+00:00,2024-10-28T12:53:27.793+00:00,96396.0,126.47,https://parivesh.nic.in/newupgrade/#/report/ec?proposalId=78880055
state,8,Rajasthan,stat,,projects,0,,,,,,,,,,
state,8,Rajasthan,stat,,active_projects,0,,,,,,,,,,
state,8,Rajasthan,stat,,applications,0,,,,,,,,,,
state,8,Rajasthan,stat,,ec_granted,0,,,,,,,,,,
state,8,Rajasthan,stat,,ec_pending,0,,,,,,,,,,
state,8,Rajasthan,stat,,ec_rejected,0,,,,,,,,,,
state,8,Rajasthan,stat,,delisted_or_removed,0,,,,,,,,,,
state,8,Rajasthan,stat,,total_cost_lakhs,0,,,,,,,,,,
state,8,Rajasthan,stat,,cost_outliers_excluded,0,,,,,,,,,,
state,8,Rajasthan,stat,,total_land_ha,0,,,,,,,,,,
state,8,Rajasthan,stat,,latest_application,,,,,,,,,,,
state,8,Rajasthan,stat,,latest_grant,,,,,,,,,,,
state,8,Rajasthan,stat,,changes_added,0,,,,,,,,,,
state,8,Rajasthan,stat,,changes_removed,0,,,,,,,,,,
state,8,Rajasthan,stat,,changes_updated,0,,,,,,,,,,
state,8,Rajasthan,stat,,changes_status,0,,,,,,,,,,
state,8,Rajasthan,stat,,compared_with,,,,,,,,,,,
state,8,Rajasthan,run,,run_status,not_run,,,,,,,,,,
state,8,Rajasthan,run,,run_date,,,,,,,,,,,
state,8,Rajasthan,run,,run_url,,,,,,,,,,,
state,9,Uttar Pradesh,stat,,projects,0,,,,,,,,,,
state,9,Uttar Pradesh,stat,,active_projects,0,,,,,,,,,,
state,9,Uttar Pradesh,stat,,applications,0,,,,,,,,,,
state,9,Uttar Pradesh,stat,,ec_granted,0,,,,,,,,,,
state,9,Uttar Pradesh,stat,,ec_pending,0,,,,,,,,,,
state,9,Uttar Pradesh,stat,,ec_rejected,0,,,,,,,,,,
state,9,Uttar Pradesh,stat,,delisted_or_removed,0,,,,,,,,,,
state,9,Uttar Pradesh,stat,,total_cost_lakhs,0,,,,,,,,,,
state,9,Uttar Pradesh,stat,,cost_outliers_excluded,0,,,,,,,,,,
state,9,Uttar Pradesh,stat,,total_land_ha,0,,,,,,,,,,
state,9,Uttar Pradesh,stat,,latest_application,,,,,,,,,,,
state,9,Uttar Pradesh,stat,,latest_grant,,,,,,,,,,,
state,9,Uttar Pradesh,stat,,changes_added,0,,,,,,,,,,
state,9,Uttar Pradesh,stat,,changes_removed,0,,,,,,,,,,
state,9,Uttar Pradesh,stat,,changes_updated,0,,,,,,,,,,
state,9,Uttar Pradesh,stat,,changes_status,0,,,,,,,,,,
state,9,Uttar Pradesh,stat,,compared_with,,,,,,,,,,,
state,9,Uttar Pradesh,run,,run_status,not_run,,,,,,,,,,
state,9,Uttar Pradesh,run,,run_date,,,,,,,,,,,
state,9,Uttar Pradesh,run,,run_url,,,,,,,,,,,
state,10,Bihar,stat,,projects,0,,,,,,,,,,
state,10,Bihar,stat,,active_projects,0,,,,,,,,,,
state,10,Bihar,stat,,applications,0,,,,,,,,,,
state,10,Bihar,stat,,ec_granted,0,,,,,,,,,,
state,10,Bihar,stat,,ec_pending,0,,,,,,,,,,
state,10,Bihar,stat,,ec_rejected,0,,,,,,,,,,
state,10,Bihar,stat,,delisted_or_removed,0,,,,,,,,,,
state,10,Bihar,stat,,total_cost_lakhs,0,,,,,,,,,,
state,10,Bihar,stat,,cost_outliers_excluded,0,,,,,,,,,,
state,10,Bihar,stat,,total_land_ha,0,,,,,,,,,,
state,10,Bihar,stat,,latest_application,,,,,,,,,,,
state,10,Bihar,stat,,latest_grant,,,,,,,,,,,
state,10,Bihar,stat,,changes_added,0,,,,,,,,,,
state,10,Bihar,stat,,changes_removed,0,,,,,,,,,,
state,10,Bihar,stat,,changes_updated,0,,,,,,,,,,
state,10,Bihar,stat,,changes_status,0,,,,,,,,,,
state,10,Bihar,stat,,compared_with,,,,,,,,,,,
state,10,Bihar,run,,run_status,not_run,,,,,,,,,,
state,10,Bihar,run,,run_date,,,,,,,,,,,
state,10,Bihar,run,,run_url,,,,,,,,,,,
state,11,Sikkim,stat,,projects,229,,,,,,,,,,
state,11,Sikkim,stat,,active_projects,164,,,,,,,,,,
state,11,Sikkim,stat,,applications,164,,,,,,,,,,
state,11,Sikkim,stat,,ec_granted,14,,,,,,,,,,
state,11,Sikkim,stat,,ec_pending,141,,,,,,,,,,
state,11,Sikkim,stat,,ec_rejected,0,,,,,,,,,,
state,11,Sikkim,stat,,delisted_or_removed,65,,,,,,,,,,
state,11,Sikkim,stat,,total_cost_lakhs,45909641.89,,,,,,,,,,
state,11,Sikkim,stat,,cost_outliers_excluded,7,,,,,,,,,,
state,11,Sikkim,stat,,total_land_ha,2173.5155,,,,,,,,,,
state,11,Sikkim,stat,,latest_application,2025-11-06T10:59:55.987+00:00,,,,,,,,,,
state,11,Sikkim,stat,,latest_grant,2025-08-07T12:32:27.591+00:00,,,,,,,,,,
state,11,Sikkim,stat,,changes_added,0,,,,,,,,,,
state,11,Sikkim,stat,,changes_removed,0,,,,,,,,,,
state,11,Sikkim,stat,,changes_updated,0,,,,,,,,,,
state,11,Sikkim,stat,,changes_status,0,,,,,,,,,,
state,11,Sikkim,stat,,compared_with,2026-09-30T16:00:09+05:30,,,,,,,,,,
state,11,Sikkim,status,,DELISTED_BY_SYSTEM,58,,,,,,,,,,
state,11,Sikkim,status,,(none),45,,,,,,,,,,
state,11,Sikkim,status,,Pending at DFO for Scrutiny and Recommendation,17,,,,,,,,,,
state,11,Sikkim,status,,Pending on UA for Compensatory Levies Payment,13,,,,,,,,,,
state,11,Sikkim,status,,Final Diversion Order Issued,12,,,,,,,,,,
state,11,Sikkim,status,,Pending at DFO due to EDS by Nodal Officer,8,,,,,,,,,,
state,11,Sikkim,status,,REJECTED,8,,,,,,,,,,
state,11,Sikkim,status,,REMOVED,7,,,,,,,,,,
state,11,Sikkim,status,,Pending at Nodal Officer for Recommendation,7,,,,,,,,,,
state,11,Sikkim,status,,EC Granted,5,,,,,,,,,,
state,11,Sikkim,status,,Pending at DFO for Compensatory Levies,5,,,,,,,,,,
state,11,Sikkim,status,,Pending at UA for Compliance Report,4,,,,,,,,,,
state,11,Sikkim,status,,Pending at UA for DFO EDS Reply,4,,,,,,,,,,
state,11,Sikkim,status,,Pending at UA for Compensatory Levies Payment and Compliance Report,3,,,,,,,,,,
state,11,Sikkim,status,,Pending at Nodal Officer due to EDS by State Secretary,3,,,,,,,,,,
state,11,Sikkim,status,,ToR Granted,3,,,,,,,,,,
state,11,Sikkim,status,,Pending at State Secretary for Recommendation and In-Principle Approval (Stage-I),2,,,,,,,,,,
state,11,Sikkim,status,,Pending at UA due to EDS by DFO,2,,,,,,,,,,
state,11,Sikkim,status,,Pending at PP due to EDS by DFO,2,,,,,,,,,,
state,11,Sikkim,status,,Pending at State Government for Diversion Letter,2,,,,,,,,,,
state,11,Sikkim,status,,Pending at MS for Acceptance in PSC-I,2,,,,,,,,,,
state,11,Sikkim,status,,Pending at CF for Compliance Review,1,,,,,,,,,,
state,11,Sikkim,status,,Pending at DIGF IRO for Stage-II Letter,1,,,,,,,,,,
state,11,Sikkim,status,,Pending at State Secretary due to EDS by IRO,1,,,,,,,,,,
state,11,Sikkim,status,,Rejected,1,,,,,,,,,,
state,11,Sikkim,status,,Pending at UA due to EDS by MS after PSC-II,1,,,,,,,,,,
state,11,Sikkim,status,,Pending at UA due to EDS by MS after PSC-I,1,,,,,,,,,,
state,11,Sikkim,status,,Pending at DFO For Compliance Review,1,,,,,,,,,,
state,11,Sikkim,status,,Pending at State Government For Recommendation,1,,,,,,,,,,
state,11,Sikkim,status,,Pending at UA due to EDS by Nodal Officer,1,,,,,,,,,,
state,11,Sikkim,status,,Pending at SS for Diversion Letter,1,,,,,,,,,,
state,11,Sikkim,status,,Withdrawal Request Accepted,1,,,,,,,,,,
state,11,Sikkim,status,,Granted,1,,,,,,,,,,
state,11,Sikkim,status,,"Pending at IGF - MoEFCC, HQ",1,,,,,,,,,,
state,11,Sikkim,status,,Raised/Forwarded EDS to UA,1,,,,,,,,,,
state,11,Sikkim,status,,Pending at MS for Recommendation in PSC-II,1,,,,,,,,,,
state,11,Sikkim,status,,Forwarded to MS,1,,,,,,,,,,
state,11,Sikkim,status,,Under Verification,1,,,,,,,,,,
state,11,Sikkim,applications_by_year,,2022,15,,,,,,,,,,
state,11,Sikkim,applications_by_year,,2023,43,,,,,,,,,,
state,11,Sikkim,applications_by_year,,2024,52,,,,,,,,,,
state,11,Sikkim,applications_by_year,,2025,54,,,,,,,,,,
state,11,Sikkim,grants_by_year,,2023,1,,,,,,,,,,
state,11,Sikkim,grants_by_year,,2024,5,,,,,,,,,,
state,11,Sikkim,grants_by_year,,2025,8,,,,,,,,,,
state,11,Sikkim,run,,run_status,ok,,,,,,,,,,
state,11,Sikkim,run,,run_date,2026-09-30T04:58:08Z,,,,,,,,,,
state,11,Sikkim,run,,run_url,,,,,,,,,,,
state,11,Sikkim,top_recent_ec,1,,,FP/SK/REDIV/490390/2024,Re-diversion of 0.4542 ha forest land due to technical realignment of underground steel lined pressure shaft of Rongnichu Hydro Electric Project by surrendering 1.5158 ha of already diverted forest land by Madhya Bharat Power Co. Ltd,MADHYA BHARAT POWER CORPORATION LIMITED,East District,Pending at SS for Diversion Letter,2024-07-30T08:46:09.202+00:00,2025-08-07T12:32:27.591+00:00,161230.0,0.4542,https://parivesh.nic.in/newupgrade/#/report/ec?proposalId=88889385
state,11,Sikkim,top_recent_ec,2,,,FP/SK/CommPost/477114/2024,Diversion process of Forest Land measuring 0.09 Ha for the construction of Office cum Residential Complex at Chujachen gorucharan under Rongli (T) Range.,SUBSIDIARY INTELLIGENCE BUREAU GANGTOK,East District,Pending at State Government for Diversion Letter,2024-05-29T11:21:11.681+00:00,2025-07-29T04:16:14.728+00:00,400.0,0.09,https://parivesh.nic.in/newupgrade/#/report/ec?proposalId=72114217
state,11,Sikkim,top_recent_ec,3,,,FP/SK/CommPost/476951/2024,Rumtek diversion process,SUBSIDIARY INTELLIGENCE BUREAU GANGTOK,East District,Pending at State Government for Diversion Letter,2024-05-29T06:49:19.179+00:00,2025-07-29T04:09:08.589+00:00,400.0,0.075,https://parivesh.nic.in/newupgrade/#/report/ec?proposalId=72057279
state,11,Sikkim,top_recent_ec,4,,,FP/SK/OTHERS/436073/2023,"Diversion of 1.8115 ha of Forest Land for Muck Dumping at Thalthaley, Pamphok for Teesta-VI HE Project (500 MW)",LANCO TEESTA HYDRO POWER LIMITED,South District,Final Diversion Order Issued,2023-07-08T10:56:36.379+00:00,2025-06-17T03:02:41.461+00:00,563.0,1.8115,https://parivesh.nic.in/newupgrade/#/report/ec?proposalId=6644229
state,11,Sikkim,top_recent_ec,5,,,SIA/SK/INFRA2/498459/2024,Proposed roof-top Swimming Pool of “WEST POINT” - Integrated Commercial cum MLCP Complex,MESASO INFRASTRUCTURE PVT. LTD.,East District,EC Granted,2024-09-26T11:37:19.544+00:00,2025-05-06T10:51:46.250+00:00,29820.0,0.5665,https://parivesh.nic.in/newupgrade/#/report/ec?proposalId=105837998
state,11,Sikkim,top_recent_ec,6,,,IA/SK/RIV/527111/2025,Chakung Chu HEP,KUNDAN HYDRO (GANGTOK)  PRIVATE LIMITED,North  District,ToR Granted,2025-03-03T05:28:40.825+00:00,2025-04-15T12:55:07.912+00:00,69509.0,42.24,https://parivesh.nic.in/newupgrade/#/report/ec?proposalId=121424631
state,11,Sikkim,top_recent_ec,7,,,SIA/SK/INFRA2/494796/2024,"NIT Sikkim Campus at Dung Dung, Khamdong near Gangtok, District East Sikkim",NBCC (INDIA) LIMITED,South District,EC Granted,2024-08-30T12:19:58.463+00:00,2025-04-08T11:22:33.816+00:00,68576.0,40.4685,https://parivesh.nic.in/newupgrade/#/report/ec?proposalId=98262423
state,11,Sikkim,top_recent_ec,8,,,IA/SK/RIV/499039/2024,Teesta Hydroelectric Project Stage-III (1200 MW),SIKKIM URJA LIMITED,North  District,EC Granted,2024-09-30T09:28:17.119+00:00,2025-03-15T05:13:31.518+00:00,418951.0,213.8831,https://parivesh.nic.in/newupgrade/#/report/ec?proposalId=106980286
state,11,Sikkim,top_recent_ec,9,,,IA/SK/RIV/500977/2024,Teesta Hydroelectric Project Stage-III (1200 MW),SIKKIM URJA LIMITED,North  District,Granted,2024-10-14T11:56:30.502+00:00,2024-11-16T07:27:01.959+00:00,5705.55,196.967,https://parivesh.nic.in/newupgrade/#/report/ec?proposalId=109616592
state,11,Sikkim,top_recent_ec,10,,,IA/SK/RIV/493596/2024,Rangit-II Hydro Electric Project,SIKKIM HYDRO POWER VENTURES LIMITED,West District,ToR Granted,2024-08-22T05:14:55.739+00:00,2024-10-21T03:47:24.698+00:00,49644.0,33.294,https://parivesh.nic.in/newupgrade/#/report/ec?proposalId=95594654
state,11,Sikkim,top_cost,1,,,WL/SK/DEF/448185/2023,Diversion of Forest Land  of 1.25 Ha from Doka La to Gurmail Hill  inside Pangolakha Wild Life Sanctuary,17   Mountain Division,Gangtok,,2023-10-06T12:42:33.204+00:00,,9500000.0,1.25,https://parivesh.nic.in/newupgrade/#/report/ec?proposalId=15992315
state,11,Sikkim,top_cost,2,,,WL/SK/DEF/447934/2023,Diversion of Forest Land  of 1.686Ha from Doka La – LBR - UBR  inside Pangolakha Wild Life Sanctuary,17   Mountain Division,Gangtok,,2023-10-06T12:42:33.204+00:00,,7885000.0,1.686,https://parivesh.nic.in/newupgrade/#/report/ec?proposalId=15991813
state,11,Sikkim,top_cost,3,,,FP/SK/ROAD/424460/2023,Diversion of Forest land of 0.3287 Ha for construction of road from Pelling Dentam road to Sardung Upper Lungjik  in Gyalshing District of Sikkim by Roads & Bridges Department.,Public Works Department,West District,Pending at State Secretary for Recommendation and In-Principle Approval (Stage-I),2023-04-01T10:55:50.253+00:00,,4238496.0,0.3287,https://parivesh.nic.in/newupgrade/#/report/ec?proposalId=4355156
state,11,Sikkim,top_cost,4,,,WL/SK/DEF/447930/2023,Diversion of Forest Land  of 2.558 Ha from UBR to Pan Slope – Pt 3777  inside Pangolakha Wild Life Sanctuary,17   Mountain Division,Gangtok,,2023-10-06T12:42:33.204+00:00,,3069600.0,2.558,https://parivesh.nic.in/newupgrade/#/report/ec?proposalId=15991805
state,11,Sikkim,top_cost,5,,,WL/SK/DEF/491770/2024,DIVERSION OF 1.6 HA FOREST LAND AT ARJUN FWD -JELEP CHO TO SANGAE PP (SANGAE PP TO ARJUN BASE)  FOR CONSTRUCTION OF OPERATIONAL TRACKS FOR DEFENCE,MINISTRY OF DEFENCE,East District,,2024-08-08T04:25:21.508+00:00,,2560000.0,1.6,https://parivesh.nic.in/newupgrade/#/report/ec?proposalId=91567092
state,11,Sikkim,top_cost,6,,,FP/SK/OTHERS/549691/2025,"Diversion of forest land of 0.034 ha for construction of  15.24 meter length and 2.5 meter width  steel bridge (pedestrian bridge) over Rani Khola Dovan in lower Barbing by  Rural Development Department, BAC Ranka, Government of Sikkim.","Augmentation of RWSS from Paley source to Kagyud Gumpa under Kagyud ward Rawtey Rumtek GPU, Gangtok District,Sikkim.",East District,Pending at UA for DFO EDS Reply,2025-08-29T09:10:59.196+00:00,,2328600.0,0.034,https://parivesh.nic.in/newupgrade/#/report/ec?proposalId=135183506
state,11,Sikkim,top_cost,7,,,WL/SK/DEF/447933/2023,Diversion of Forest Land  of 0.45  Ha from Flag Hill (below Denchuk La) to OP Hill  inside Pangolakha Wild Life Sanctuary,17   Mountain Division,East District,,2023-10-06T12:42:33.204+00:00,,2230000.0,0.2,https://parivesh.nic.in/newupgrade/#/report/ec?proposalId=15991811
state,11,Sikkim,top_cost,8,,,WL/SK/DRKWATER/546136/2025,Repair and extension of water supply to Rhenock Government College at Pakyong District.,PUBLIC HEALTH ENGINEERING DEPARTMENT,East District,,2025-07-26T15:20:46.676+00:00,,2100423.0,1.1793,https://parivesh.nic.in/newupgrade/#/report/ec?proposalId=132872612
state,11,Sikkim,top_cost,9,,,IA/SK/RIV/500864/2024,Teesta Hydroelectric Project Stage-III (1200 MW),SIKKIM URJA LIMITED,North  District,Withdrawal Request Accepted,2024-10-14T05:49:37.173+00:00,2024-10-14T11:48:52.489+00:00,1815451.0,213.8831,https://parivesh.nic.in/newupgrade/#/report/ec?proposalId=109575424
state,11,Sikkim,top_cost,10,,,WL/SK/DEF/447929/2023,Diversion of Forest Land  of 0.961Ha from Saragarhi(Asha Post) to Jelep Cho inside Pangolakha Wild Life Sanctuary,17   Mountain Division,East District,,2023-10-06T12:42:33.204+00:00,,1537000.0,0.961,https://parivesh.nic.in/newupgrade/#/report/ec?proposalId=15991803
state,11,Sikkim,top_land,1,,,IA/SK/RIV/499039/2024,Teesta Hydroelectric Project Stage-III (1200 MW),SIKKIM URJA LIMITED,North  District,EC Granted,2024-09-30T09:28:17.119+00:00,2025-03-15T05:13:31.518+00:00,418951.0,213.8831,https://parivesh.nic.in/newupgrade/#/report/ec?proposalId=106980286
state,11,Sikkim,top_land,2,,,IA/SK/RIV/500864/2024,Teesta Hydroelectric Project Stage-III (1200 MW),SIKKIM URJA LIMITED,North  District,Withdrawal Request Accepted,2024-10-14T05:49:37.173+00:00,2024-10-14T11:48:52.489+00:00,1815451.0,213.8831,https://parivesh.nic.in/newupgrade/#/report/ec?proposalId=109575424
state,11,Sikkim,top_land,3,,,IA/SK/RIV/500977/2024,Teesta Hydroelectric Project Stage-III (1200 MW),SIKKIM URJA LIMITED,North  District,Granted,2024-10-14T11:56:30.502+00:00,2024-11-16T07:27:01.959+00:00,5705.55,196.967,https://parivesh.nic.in/newupgrade/#/report/ec?proposalId=109616592
state,11,Sikkim,top_land,4,,,IA/SK/RIV/541174/2025,Teesta - VI HE Project,NHPC LIMITED,South District,Forwarded to MS,2025-06-12T09:52:54.389+00:00,,574804.0,166.4803,https://parivesh.nic.in/newupgrade/#/report/ec?proposalId=129816516
state,11,Sikkim,top_land,5,,,FP/SK/HYD/IRRIG/543387/2025,Teesta - VI HE Project,NHPC LIMITED,South District,Pending at DFO for Scrutiny and Recommendation,2025-07-02T04:38:03.811+00:00,,574804.0,166.4803,https://parivesh.nic.in/newupgrade/#/report/ec?proposalId=131260025
state,11,Sikkim,top_land,6,,,FP/SK/HYD/IRRIG/543402/2025,Teesta - VI HE Project,NHPC LIMITED,South District,Pending at DFO for Scrutiny and Recommendation,2025-07-02T05:46:45.265+00:00,,574804.0,166.4803,https://parivesh.nic.in/newupgrade/#/report/ec?proposalId=131266086
state,11,Sikkim,top_land,7,,,FP/SK/ROAD/458037/2024,Diversion of 116.1 ha forest land for widening/upgradation of existing road (NH 310A) to NHDL specification with paved shoulder from Yumthang of Design km 52+808 to Yume Samdang Border (Zero point) of design 84.160 kmby BRO in Sikkim,Ministry of Defense,Mangan,Pending at DFO For Compliance Review,2024-01-08T12:29:30.591+00:00,,38911.0,116.1,https://parivesh.nic.in/newupgrade/#/report/ec?proposalId=37340741
state,11,Sikkim,top_land,8,,,FP/SK/ROAD/445109/2023,CONSTRUCTION/IMPROVEMENT ON EPC MODE OF EXISTING ROAD TO NHDL SPECIFICATION WITH SHOULDER FROM EXISTING KM 0.000 (CHUNGTHANG) TO KM 30.000 (ZEEMA) OF TOTAL DESIGN LENGTH 31.599 KM UNDER LACHEN FOREST SUB-DIVISION ON ROAD CHUNGTHANG-LACHEN-ZEEMA (PART OF NH 310AG) IN THE STATE OF SIKKIM UNDER PROJECT SWASTIK OF BRO,Ministry of Defense,North  District,Pending at UA due to EDS by MS after PSC-I,2023-09-20T10:34:28.109+00:00,,59296.4,62.6863,https://parivesh.nic.in/newupgrade/#/report/ec?proposalId=11318580
state,11,Sikkim,top_land,9,,,FP/SK/TRANS/400225/2022,132KV D/C Dikchupool to Perbing Transmission line,ENERGY POWER DEPARTMENT SIKKIM,East District,,2022-09-09T06:31:07.078+00:00,,217.0,60.6435,https://parivesh.nic.in/newupgrade/#/report/ec?proposalId=724688
state,11,Sikkim,top_land,10,,,FP/SK/TRANS/400227/2022,132KV D/C Dikchupool to Perbing Transmission line,ENERGY POWER DEPARTMENT SIKKIM,East District,Pending at CF for Compliance Review,2022-09-09T06:40:39.331+00:00,,217.0,60.6435,https://parivesh.nic.in/newupgrade/#/report/ec?proposalId=724829
state,12,Arunachal Pradesh,stat,,projects,0,,,,,,,,,,
state,12,Arunachal Pradesh,stat,,active_projects,0,,,,,,,,,,
state,12,Arunachal Pradesh,stat,,applications,0,,,,,,,,,,
state,12,Arunachal Pradesh,stat,,ec_granted,0,,,,,,,,,,
state,12,Arunachal Pradesh,stat,,ec_pending,0,,,,,,,,,,
state,12,Arunachal Pradesh,stat,,ec_rejected,0,,,,,,,,,,
state,12,Arunachal Pradesh,stat,,delisted_or_removed,0,,,,,,,,,,
state,12,Arunachal Pradesh,stat,,total_cost_lakhs,0,,,,,,,,,,
state,12,Arunachal Pradesh,stat,,cost_outliers_excluded,0,,,,,,,,,,
state,12,Arunachal Pradesh,stat,,total_land_ha,0,,,,,,,,,,
state,12,Arunachal Pradesh,stat,,latest_application,,,,,,,,,,,
state,12,Arunachal Pradesh,stat,,latest_grant,,,,,,,,,,,
state,12,Arunachal Pradesh,stat,,changes_added,0,,,,,,,,,,
state,12,Arunachal Pradesh,stat,,changes_removed,0,,,,,,,,,,
state,12,Arunachal Pradesh,stat,,changes_updated,0,,,,,,,,,,
state,12,Arunachal Pradesh,stat,,changes_status,0,,,,,,,,,,
state,12,Arunachal Pradesh,stat,,compared_with,,,,,,,,,,,
state,12,Arunachal Pradesh,run,,run_status,not_run,,,,,,,,,,
state,12,Arunachal Pradesh,run,,run_date,,,,,,,,,,,
state,12,Arunachal Pradesh,run,,run_url,,,,,,,,,,,
state,13,Nagaland,stat,,projects,0,,,,,,,,,,
state,13,Nagaland,stat,,active_projects,0,,,,,,,,,,
state,13,Nagaland,stat,,applications,0,,,,,,,,,,
state,13,Nagaland,stat,,ec_granted,0,,,,,,,,,,
state,13,Nagaland,stat,,ec_pending,0,,,,,,,,,,
state,13,Nagaland,stat,,ec_rejected,0,,,,,,,,,,
state,13,Nagaland,stat,,delisted_or_removed,0,,,,,,,,,,
state,13,Nagaland,stat,,total_cost_lakhs,0,,,,,,,,,,
state,13,Nagaland,stat,,cost_outliers_excluded,0,,,,,,,,,,
state,13,Nagaland,stat,,total_land_ha,0,,,,,,,,,,
state,13,Nagaland,stat,,latest_application,,,,,,,,,,,
state,13,Nagaland,stat,,latest_grant,,,,,,,,,,,
state,13,Nagaland,stat,,changes_added,0,,,,,,,,,,
state,13,Nagaland,stat,,changes_removed,0,,,,,,,,,,
state,13,Nagaland,stat,,changes_updated,0,,,,,,,,,,
state,13,Nagaland,stat,,changes_status,0,,,,,,,,,,
state,13,Nagaland,stat,,compared_with,,,,,,,,,,,
state,13,Nagaland,run,,run_status,not_run,,,,,,,,,,
state,13,Nagaland,run,,run_date,,,,,,,,,,,
state,13,Nagaland,run,,run_url,,,,,,,,,,,
state,14,Manipur,stat,,projects,0,,,,,,,,,,
state,14,Manipur,stat,,active_projects,0,,,,,,,,,,
state,14,Manipur,stat,,applications,0,,,,,,,,,,
state,14,Manipur,stat,,ec_granted,0,,,,,,,,,,
state,14,Manipur,stat,,ec_pending,0,,,,,,,,,,
state,14,Manipur,stat,,ec_rejected,0,,,,,,,,,,
state,14,Manipur,stat,,delisted_or_removed,0,,,,,,,,,,
state,14,Manipur,stat,,total_cost_lakhs,0,,,,,,,,,,
state,14,Manipur,stat,,cost_outliers_excluded,0,,,,,,,,,,
state,14,Manipur,stat,,total_land_ha,0,,,,,,,,,,
state,14,Manipur,stat,,latest_application,,,,,,,,,,,
state,14,Manipur,stat,,latest_grant,,,,,,,,,,,
state,14,Manipur,stat,,changes_added,0,,,,,,,,,,
state,14,Manipur,stat,,changes_removed,0,,,,,,,,,,
state,14,Manipur,stat,,changes_updated,0,,,,,,,,,,
state,14,Manipur,stat,,changes_status,0,,,,,,,,,,
state,14,Manipur,stat,,compared_with,,,,,,,,,,,
state,14,Manipur,run,,run_status,not_run,,,,,,,,,,
state,14,Manipur,run,,run_date,,,,,,,,,,,
state,14,Manipur,run,,run_url,,,,,,,,,,,
state,15,Mizoram,stat,,projects,0,,,,,,,,,,
state,15,Mizoram,stat,,active_projects,0,,,,,,,,,,
state,15,Mizoram,stat,,applications,0,,,,,,,,,,
state,15,Mizoram,stat,,ec_granted,0,,,,,,,,,,
state,15,Mizoram,stat,,ec_pending,0,,,,,,,,,,
state,15,Mizoram,stat,,ec_rejected,0,,,,,,,,,,
state,15,Mizoram,stat,,delisted_or_removed,0,,,,,,,,,,
state,15,Mizoram,stat,,total_cost_lakhs,0,,,,,,,,,,
state,15,Mizoram,stat,,cost_outliers_excluded,0,,,,,,,,,,
state,15,Mizoram,stat,,total_land_ha,0,,,,,,,,,,
state,15,Mizoram,stat,,latest_application,,,,,,,,,,,
state,15,Mizoram,stat,,latest_grant,,,,,,,,,,,
state,15,Mizoram,stat,,changes_added,0,,,,,,,,,,
state,15,Mizoram,stat,,changes_removed,0,,,,,,,,,,
state,15,Mizoram,stat,,changes_updated,0,,,,,,,,,,
state,15,Mizoram,stat,,changes_status,0,,,,,,,,,,
state,15,Mizoram,stat,,compared_with,,,,,,,,,,,
state,15,Mizoram,run,,run_status,not_run,,,,,,,,,,
state,15,Mizoram,run,,run_date,,,,,,,,,,,
state,15,Mizoram,run,,run_url,,,,,,,,,,,
state,16,Tripura,stat,,projects,0,,,,,,,,,,
state,16,Tripura,stat,,active_projects,0,,,,,,,,,,
state,16,Tripura,stat,,applications,0,,,,,,,,,,
state,16,Tripura,stat,,ec_granted,0,,,,,,,,,,
state,16,Tripura,stat,,ec_pending,0,,,,,,,,,,
state,16,Tripura,stat,,ec_rejected,0,,,,,,,,,,
state,16,Tripura,stat,,delisted_or_removed,0,,,,,,,,,,
state,16,Tripura,stat,,total_cost_lakhs,0,,,,,,,,,,
state,16,Tripura,stat,,cost_outliers_excluded,0,,,,,,,,,,
state,16,Tripura,stat,,total_land_ha,0,,,,,,,,,,
state,16,Tripura,stat,,latest_application,,,,,,,,,,,
state,16,Tripura,stat,,latest_grant,,,,,,,,,,,
state,16,Tripura,stat,,changes_added,0,,,,,,,,,,
state,16,Tripura,stat,,changes_removed,0,,,,,,,,,,
state,16,Tripura,stat,,changes_updated,0,,,,,,,,,,
state,16,Tripura,stat,,changes_status,0,,,,,,,,,,
state,16,Tripura,stat,,compared_with,,,,,,,,,,,
state,16,Tripura,run,,run_status,not_run,,,,,,,,,,
state,16,Tripura,run,,run_date,,,,,,,,,,,
state,16,Tripura,run,,run_url,,,,,,,,,,,
state,17,Meghalaya,stat,,projects,0,,,,,,,,,,
state,17,Meghalaya,stat,,active_projects,0,,,,,,,,,,
state,17,Meghalaya,stat,,applications,0,,,,,,,,,,
state,17,Meghalaya,stat,,ec_granted,0,,,,,,,,,,
state,17,Meghalaya,stat,,ec_pending,0,,,,,,,,,,
state,17,Meghalaya,stat,,ec_rejected,0,,,,,,,,,,
state,17,Meghalaya,stat,,delisted_or_removed,0,,,,,,,,,,
state,17,Meghalaya,stat,,total_cost_lakhs,0,,,,,,,,,,
state,17,Meghalaya,stat,,cost_outliers_excluded,0,,,,,,,,,,
state,17,Meghalaya,stat,,total_land_ha,0,,,,,,,,,,
state,17,Meghalaya,stat,,latest_application,,,,,,,,,,,
state,17,Meghalaya,stat,,latest_grant,,,,,,,,,,,
state,17,Meghalaya,stat,,changes_added,0,,,,,,,,,,
state,17,Meghalaya,stat,,changes_removed,0,,,,,,,,,,
state,17,Meghalaya,stat,,changes_updated,0,,,,,,,,,,
state,17,Meghalaya,stat,,changes_status,0,,,,,,,,,,
state,17,Meghalaya,stat,,compared_with,,,,,,,,,,,
state,17,Meghalaya,run,,run_status,not_run,,,,,,,,,,
state,17,Meghalaya,run,,run_date,,,,,,,,,,,
state,17,Meghalaya,run,,run_url,,,,,,,,,,,
state,18,Assam,stat,,projects,0,,,,,,,,,,
state,18,Assam,stat,,active_projects,0,,,,,,,,,,
state,18,Assam,stat,,applications,0,,,,,,,,,,
state,18,Assam,stat,,ec_granted,0,,,,,,,,,,
state,18,Assam,stat,,ec_pending,0,,,,,,,,,,
state,18,Assam,stat,,ec_rejected,0,,,,,,,,,,
state,18,Assam,stat,,delisted_or_removed,0,,,,,,,,,,
state,18,Assam,stat,,total_cost_lakhs,0,,,,,,,,,,
state,18,Assam,stat,,cost_outliers_excluded,0,,,,,,,,,,
state,18,Assam,stat,,total_land_ha,0,,,,,,,,,,
state,18,Assam,stat,,latest_application,,,,,,,,,,,
state,18,Assam,stat,,latest_grant,,,,,,,,,,,
state,18,Assam,stat,,changes_added,0,,,,,,,,,,
state,18,Assam,stat,,changes_removed,0,,,,,,,,,,
state,18,Assam,stat,,changes_updated,0,,,,,,,,,,
state,18,Assam,stat,,changes_status,0,,,,,,,,,,
state,18,Assam,stat,,compared_with,,,,,,,,,,,
state,18,Assam,run,,run_status,not_run,,,,,,,,,,
state,18,Assam,run,,run_date,,,,,,,,,,,
state,18,Assam,run,,run_url,,,,,,,,,,,
state,19,West Bengal,stat,,projects,0,,,,,,,,,,
state,19,West Bengal,stat,,active_projects,0,,,,,,,,,,
state,19,West Bengal,stat,,applications,0,,,,,,,,,,
state,19,West Bengal,stat,,ec_granted,0,,,,,,,,,,
state,19,West Bengal,stat,,ec_pending,0,,,,,,,,,,
state,19,West Bengal,stat,,ec_rejected,0,,,,,,,,,,
state,19,West Bengal,stat,,delisted_or_removed,0,,,,,,,,,,
state,19,West Bengal,stat,,total_cost_lakhs,0,,,,,,,,,,
state,19,West Bengal,stat,,cost_outliers_excluded,0,,,,,,,,,,
state,19,West Bengal,stat,,total_land_ha,0,,,,,,,,,,
state,19,West Bengal,stat,,latest_application,,,,,,,,,,,
state,19,West Bengal,stat,,latest_grant,,,,,,,,,,,
state,19,West Bengal,stat,,changes_added,0,,,,,,,,,,
state,19,West Bengal,stat,,changes_removed,0,,,,,,,,,,
state,19,West Bengal,stat,,changes_updated,0,,,,,,,,,,
state,19,West Bengal,stat,,changes_status,0,,,,,,,,,,
state,19,West Bengal,stat,,compared_with,,,,,,,,,,,
state,19,West Bengal,run,,run_status,not_run,,,,,,,,,,
state,19,West Bengal,run,,run_date,,,,,,,,,,,
state,19,West Bengal,run,,run_url,,,,,,,,,,,
state,20,Jharkhand,stat,,projects,0,,,,,,,,,,
state,20,Jharkhand,stat,,active_projects,0,,,,,,,,,,
state,20,Jharkhand,stat,,applications,0,,,,,,,,,,
state,20,Jharkhand,stat,,ec_granted,0,,,,,,,,,,
state,20,Jharkhand,stat,,ec_pending,0,,,,,,,,,,
state,20,Jharkhand,stat,,ec_rejected,0,,,,,,,,,,
state,20,Jharkhand,stat,,delisted_or_removed,0,,,,,,,,,,
state,20,Jharkhand,stat,,total_cost_lakhs,0,,,,,,,,,,
state,20,Jharkhand,stat,,cost_outliers_excluded,0,,,,,,,,,,
state,20,Jharkhand,stat,,total_land_ha,0,,,,,,,,,,
state,20,Jharkhand,stat,,latest_application,,,,,,,,,,,
state,20,Jharkhand,stat,,latest_grant,,,,,,,,,,,
state,20,Jharkhand,stat,,changes_added,0,,,,,,,,,,
state,20,Jharkhand,stat,,changes_removed,0,,,,,,,,,,
state,20,Jharkhand,stat,,changes_updated,0,,,,,,,,,,
state,20,Jharkhand,stat,,changes_status,0,,,,,,,,,,
state,20,Jharkhand,stat,,compared_with,,,,,,,,,,,
state,20,Jharkhand,run,,run_status,not_run,,,,,,,,,,
state,20,Jharkhand,run,,run_date,,,,,,,,,,,
state,20,Jharkhand,run,,run_url,,,,,,,,,,,
state,21,Odisha,stat,,projects,0,,,,,,,,,,
state,21,Odisha,stat,,active_projects,0,,,,,,,,,,
state,21,Odisha,stat,,applications,0,,,,,,,,,,
state,21,Odisha,stat,,ec_granted,0,,,,,,,,,,
state,21,Odisha,stat,,ec_pending,0,,,,,,,,,,
state,21,Odisha,stat,,ec_rejected,0,,,,,,,,,,
state,21,Odisha,stat,,delisted_or_removed,0,,,,,,,,,,
state,21,Odisha,stat,,total_cost_lakhs,0,,,,,,,,,,
state,21,Odisha,stat,,cost_outliers_excluded,0,,,,,,,,,,
state,21,Odisha,stat,,total_land_ha,0,,,,,,,,,,
state,21,Odisha,stat,,latest_application,,,,,,,,,,,
state,21,Odisha,stat,,latest_grant,,,,,,,,,,,
state,21,Odisha,stat,,changes_added,0,,,,,,,,,,
state,21,Odisha,stat,,changes_removed,0,,,,,,,,,,
state,21,Odisha,stat,,changes_updated,0,,,,,,,,,,
state,21,Odisha,stat,,changes_status,0,,,,,,,,,,
state,21,Odisha,stat,,compared_with,,,,,,,,,,,
state,21,Odisha,run,,run_status,not_run,,,,,,,,,,
state,21,Odisha,run,,run_date,,,,,,,,,,,
state,21,Odisha,run,,run_url,,,,,,,,,,,
state,22,Chhattisgarh,stat,,projects,0,,,,,,,,,,
state,22,Chhattisgarh,stat,,active_projects,0,,,,,,,,,,
state,22,Chhattisgarh,stat,,applications,0,,,,,,,,,,
state,22,Chhattisgarh,stat,,ec_granted,0,,,,,,,,,,
state,22,Chhattisgarh,stat,,ec_pending,0,,,,,,,,,,
state,22,Chhattisgarh,stat,,ec_rejected,0,,,,,,,,,,
state,22,Chhattisgarh,stat,,delisted_or_removed,0,,,,,,,,,,
state,22,Chhattisgarh,stat,,total_cost_lakhs,0,,,,,,,,,,
state,22,Chhattisgarh,stat,,cost_outliers_excluded,0,,,,,,,,,,
state,22,Chhattisgarh,stat,,total_land_ha,0,,,,,,,,,,
state,22,Chhattisgarh,stat,,latest_application,,,,,,,,,,,
state,22,Chhattisgarh,stat,,latest_grant,,,,,,,,,,,
state,22,Chhattisgarh,stat,,changes_added,0,,,,,,,,,,
state,22,Chhattisgarh,stat,,changes_removed,0,,,,,,,,,,
state,22,Chhattisgarh,stat,,changes_updated,0,,,,,,,,,,
state,22,Chhattisgarh,stat,,changes_status,0,,,,,,,,,,
state,22,Chhattisgarh,stat,,compared_with,,,,,,,,,,,
state,22,Chhattisgarh,run,,run_status,not_run,,,,,,,,,,
state,22,Chhattisgarh,run,,run_date,,,,,,,,,,,
state,22,Chhattisgarh,run,,run_url,,,,,,,,,,,
state,23,Madhya Pradesh,stat,,projects,0,,,,,,,,,,
state,23,Madhya Pradesh,stat,,active_projects,0,,,,,,,,,,
state,23,Madhya Pradesh,stat,,applications,0,,,,,,,,,,
state,23,Madhya Pradesh,stat,,ec_granted,0,,,,,,,,,,
state,23,Madhya Pradesh,stat,,ec_pending,0,,,,,,,,,,
state,23,Madhya Pradesh,stat,,ec_rejected,0,,,,,,,,,,
state,23,Madhya Pradesh,stat,,delisted_or_removed,0,,,,,,,,,,
state,23,Madhya Pradesh,stat,,total_cost_lakhs,0,,,,,,,,,,
state,23,Madhya Pradesh,stat,,cost_outliers_excluded,0,,,,,,,,,,
state,23,Madhya Pradesh,stat,,total_land_ha,0,,,,,,,,,,
state,23,Madhya Pradesh,stat,,latest_application,,,,,,,,,,,
state,23,Madhya Pradesh,stat,,latest_grant,,,,,,,,,,,
state,23,Madhya Pradesh,stat,,changes_added,0,,,,,,,,,,
state,23,Madhya Pradesh,stat,,changes_removed,0,,,,,,,,,,
state,23,Madhya Pradesh,stat,,changes_updated,0,,,,,,,,,,
state,23,Madhya Pradesh,stat,,changes_status,0,,,,,,,,,,
state,23,Madhya Pradesh,stat,,compared_with,,,,,,,,,,,
state,23,Madhya Pradesh,run,,run_status,not_run,,,,,,,,,,
state,23,Madhya Pradesh,run,,run_date,,,,,,,,,,,
state,23,Madhya Pradesh,run,,run_url,,,,,,,,,,,
state,24,Gujarat,stat,,projects,0,,,,,,,,,,
state,24,Gujarat,stat,,active_projects,0,,,,,,,,,,
state,24,Gujarat,stat,,applications,0,,,,,,,,,,
state,24,Gujarat,stat,,ec_granted,0,,,,,,,,,,
state,24,Gujarat,stat,,ec_pending,0,,,,,,,,,,
state,24,Gujarat,stat,,ec_rejected,0,,,,,,,,,,
state,24,Gujarat,stat,,delisted_or_removed,0,,,,,,,,,,
state,24,Gujarat,stat,,total_cost_lakhs,0,,,,,,,,,,
state,24,Gujarat,stat,,cost_outliers_excluded,0,,,,,,,,,,
state,24,Gujarat,stat,,total_land_ha,0,,,,,,,,,,
state,24,Gujarat,stat,,latest_application,,,,,,,,,,,
state,24,Gujarat,stat,,latest_grant,,,,,,,,,,,
state,24,Gujarat,stat,,changes_added,0,,,,,,,,,,
state,24,Gujarat,stat,,changes_removed,0,,,,,,,,,,
state,24,Gujarat,stat,,changes_updated,0,,,,,,,,,,
state,24,Gujarat,stat,,changes_status,0,,,,,,,,,,
state,24,Gujarat,stat,,compared_with,,,,,,,,,,,
state,24,Gujarat,run,,run_status,not_run,,,,,,,,,,
state,24,Gujarat,run,,run_date,,,,,,,,,,,
state,24,Gujarat,run,,run_url,,,,,,,,,,,
state,27,Maharashtra,stat,,projects,0,,,,,,,,,,
state,27,Maharashtra,stat,,active_projects,0,,,,,,,,,,
state,27,Maharashtra,stat,,applications,0,,,,,,,,,,
state,27,Maharashtra,stat,,ec_granted,0,,,,,,,,,,
state,27,Maharashtra,stat,,ec_pending,0,,,,,,,,,,
state,27,Maharashtra,stat,,ec_rejected,0,,,,,,,,,,
state,27,Maharashtra,stat,,delisted_or_removed,0,,,,,,,,,,
state,27,Maharashtra,stat,,total_cost_lakhs,0,,,,,,,,,,
state,27,Maharashtra,stat,,cost_outliers_excluded,0,,,,,,,,,,
state,27,Maharashtra,stat,,total_land_ha,0,,,,,,,,,,
state,27,Maharashtra,stat,,latest_application,,,,,,,,,,,
state,27,Maharashtra,stat,,latest_grant,,,,,,,,,,,
state,27,Maharashtra,stat,,changes_added,0,,,,,,,,,,
state,27,Maharashtra,stat,,changes_removed,0,,,,,,,,,,
state,27,Maharashtra,stat,,changes_updated,0,,,,,,,,,,
state,27,Maharashtra,stat,,changes_status,0,,,,,,,,,,
state,27,Maharashtra,stat,,compared_with,,,,,,,,,,,
state,27,Maharashtra,run,,run_status,not_run,,,,,,,,,,
state,27,Maharashtra,run,,run_date,,,,,,,,,,,
state,27,Maharashtra,run,,run_url,,,,,,,,,,,
state,28,Andhra Pradesh,stat,,projects,0,,,,,,,,,,
state,28,Andhra Pradesh,stat,,active_projects,0,,,,,,,,,,
state,28,Andhra Pradesh,stat,,applications,0,,,,,,,,,,
state,28,Andhra Pradesh,stat,,ec_granted,0,,,,,,,,,,
state,28,Andhra Pradesh,stat,,ec_pending,0,,,,,,,,,,
state,28,Andhra Pradesh,stat,,ec_rejected,0,,,,,,,,,,
state,28,Andhra Pradesh,stat,,delisted_or_removed,0,,,,,,,,,,
state,28,Andhra Pradesh,stat,,total_cost_lakhs,0,,,,,,,,,,
state,28,Andhra Pradesh,stat,,cost_outliers_excluded,0,,,,,,,,,,
state,28,Andhra Pradesh,stat,,total_land_ha,0,,,,,,,,,,
state,28,Andhra Pradesh,stat,,latest_application,,,,,,,,,,,
state,28,Andhra Pradesh,stat,,latest_grant,,,,,,,,,,,
state,28,Andhra Pradesh,stat,,changes_added,0,,,,,,,,,,
state,28,Andhra Pradesh,stat,,changes_removed,0,,,,,,,,,,
state,28,Andhra Pradesh,stat,,changes_updated,0,,,,,,,,,,
state,28,Andhra Pradesh,stat,,changes_status,0,,,,,,,,,,
state,28,Andhra Pradesh,stat,,compared_with,,,,,,,,,,,
state,28,Andhra Pradesh,run,,run_status,not_run,,,,,,,,,,
state,28,Andhra Pradesh,run,,run_date,,,,,,,,,,,
state,28,Andhra Pradesh,run,,run_url,,,,,,,,,,,
state,29,Karnataka,stat,,projects,1778,,,,,,,,,,
state,29,Karnataka,stat,,active_projects,899,,,,,,,,,,
state,29,Karnataka,stat,,applications,899,,,,,,,,,,
state,29,Karnataka,stat,,ec_granted,305,,,,,,,,,,
state,29,Karnataka,stat,,ec_pending,555,,,,,,,,,,
state,29,Karnataka,stat,,ec_rejected,0,,,,,,,,,,
state,29,Karnataka,stat,,delisted_or_removed,879,,,,,,,,,,
state,29,Karnataka,stat,,total_cost_lakhs,112041591.01,,,,,,,,,,
state,29,Karnataka,stat,,cost_outliers_excluded,21,,,,,,,,,,
state,29,Karnataka,stat,,total_land_ha,42902.3638,,,,,,,,,,
state,29,Karnataka,stat,,latest_application,2026-09-25T12:54:16.829+00:00,,,,,,,,,,
state,29,Karnataka,stat,,latest_grant,2026-09-28T11:58:22.368+00:00,,,,,,,,,,
state,29,Karnataka,stat,,changes_added,0,,,,,,,,,,
state,29,Karnataka,stat,,changes_removed,0,,,,,,,,,,
state,29,Karnataka,stat,,changes_updated,0,,,,,,,,,,
state,29,Karnataka,stat,,changes_status,0,,,,,,,,,,
state,29,Karnataka,stat,,compared_with,2026-09-30T16:00:09+05:30,,,,,,,,,,
state,29,Karnataka,status,,DELISTED_BY_SYSTEM,860,,,,,,,,,,
state,29,Karnataka,status,,Final Diversion Order Issued,303,,,,,,,,,,
state,29,Karnataka,status,,Pending at DFO for Scrutiny and Recommendation,76,,,,,,,,,,
state,29,Karnataka,status,,Pending on UA for Compensatory Levies Payment,59,,,,,,,,,,
state,29,Karnataka,status,,Pending at PP due to EDS by DFO,51,,,,,,,,,,
state,29,Karnataka,status,,Pending at DFO due to EDS by Nodal Officer,47,,,,,,,,,,
state,29,Karnataka,status,,Pending at Nodal Officer for Recommendation,47,,,,,,,,,,
state,29,Karnataka,status,,Pending at UA due to EDS by DFO,46,,,,,,,,,,
state,29,Karnataka,status,,REJECTED,26,,,,,,,,,,
state,29,Karnataka,status,,Pending at UA due to EDS by MS after PSC-I,25,,,,,,,,,,
state,29,Karnataka,status,,Pending at MS for Acceptance in PSC-I,22,,,,,,,,,,
state,29,Karnataka,status,,Pending at UA for DFO EDS Reply,20,,,,,,,,,,
state,29,Karnataka,status,,REMOVED,19,,,,,,,,,,
state,29,Karnataka,status,,Pending at State Secretary for Recommendation,19,,,,,,,,,,
state,29,Karnataka,status,,Pending at Nodal Officer due to EDS by State Secretary,11,,,,,,,,,,
state,29,Karnataka,status,,Rejected in PSC-I,11,,,,,,,,,,
state,29,Karnataka,status,,Pending at UA for Compliance Report,9,,,,,,,,,,
state,29,Karnataka,status,,Pending at UA due to EDS by MS after PSC-II,9,,,,,,,,,,
state,29,Karnataka,status,,Pending at DFO for Compensatory Levies,9,,,,,,,,,,
state,29,Karnataka,status,,Approval Granted,9,,,,,,,,,,
state,29,Karnataka,status,,"Pending at Technical Officer - MoEFCC, HQ",8,,,,,,,,,,
state,29,Karnataka,status,,Pending at PP due to EDS by Nodal Officer,8,,,,,,,,,,
state,29,Karnataka,status,,Pending at Technical Officer - IRO,8,,,,,,,,,,
state,29,Karnataka,status,,Pending at Nodal Officer for Compliance Review,7,,,,,,,,,,
state,29,Karnataka,status,,Pending at DFO/CF after acceptance in PSC-I,7,,,,,,,,,,
state,29,Karnataka,status,,Pending at DFO For Compliance Review,6,,,,,,,,,,
state,29,Karnataka,status,,Pending at State Secretary due to EDS by RO,6,,,,,,,,,,
state,29,Karnataka,status,,Pending at State Secretary for Compliance Review,6,,,,,,,,,,
state,29,Karnataka,status,,Pending at DFO/CF/Nodal Officer after acceptance in PSC-I,5,,,,,,,,,,
state,29,Karnataka,status,,Pending at DFO due to EDS by MS After PSC-II,4,,,,,,,,,,
state,29,Karnataka,status,,Pending at Technical Officer - RO,3,,,,,,,,,,
state,29,Karnataka,status,,Pending at UA for Compensatory Levies Payment and Compliance Report,3,,,,,,,,,,
state,29,Karnataka,status,,Pending at Technical Officer RO for Stage-II Letter,3,,,,,,,,,,
state,29,Karnataka,status,,"Pending at TO – MoEFCC, HQ for Final Approval",3,,,,,,,,,,
state,29,Karnataka,status,,Pending at Nodal for Compensatory Levies Review,2,,,,,,,,,,
state,29,Karnataka,status,,Pending at MS for Recommendation in PSC-II,2,,,,,,,,,,
state,29,Karnataka,status,,Application Rejected,2,,,,,,,,,,
state,29,Karnataka,status,,Pending on UA for Levies Payment,2,,,,,,,,,,
state,29,Karnataka,status,,Pending at State Secretary for Recommendation and In-Principle Approval (Stage-I),2,,,,,,,,,,
state,29,Karnataka,status,,Pending at State Secretary for Recommendation after PSC-II,1,,,,,,,,,,
state,29,Karnataka,status,,Pending at FAC,1,,,,,,,,,,
state,29,Karnataka,status,,"Pending at State Secretary due to EDS by MoEFCC, HQ",1,,,,,,,,,,
state,29,Karnataka,status,,Pending at State Government for Diversion Letter,1,,,,,,,,,,
state,29,Karnataka,status,,"Pending at Director General of Forest - MoEFCC, HQ",1,,,,,,,,,,
state,29,Karnataka,status,,Pending at AIGF RO for Stage-II Letter,1,,,,,,,,,,
state,29,Karnataka,status,,Raised/Forwarded EDS to UA,1,,,,,,,,,,
state,29,Karnataka,status,,Stage-II Accorded,1,,,,,,,,,,
state,29,Karnataka,status,,Pending at UA for Nodal EDS Reply,1,,,,,,,,,,
state,29,Karnataka,status,,Pending at AIGF - RO,1,,,,,,,,,,
state,29,Karnataka,status,,Pending at UA for Compensatory Levies Payment,1,,,,,,,,,,
state,29,Karnataka,status,,Pending at DFO for Issue Approval letter,1,,,,,,,,,,
state,29,Karnataka,status,,Pending at State Secretary for Recommendation and Approval Letter,1,,,,,,,,,,
state,29,Karnataka,applications_by_year,,2022,29,,,,,,,,,,
state,29,Karnataka,applications_by_year,,2023,348,,,,,,,,,,
state,29,Karnataka,applications_by_year,,2024,216,,,,,,,,,,
state,29,Karnataka,applications_by_year,,2025,168,,,,,,,,,,
state,29,Karnataka,applications_by_year,,2026,138,,,,,,,,,,
state,29,Karnataka,grants_by_year,,2024,123,,,,,,,,,,
state,29,Karnataka,grants_by_year,,2025,134,,,,,,,,,,
state,29,Karnataka,grants_by_year,,2026,48,,,,,,,,,,
state,29,Karnataka,run,,run_status,ok,,,,,,,,,,
state,29,Karnataka,run,,run_date,2026-09-30T08:25:35Z,,,,,,,,,,
state,29,Karnataka,run,,run_url,https://github.com/publicmap/parivesh-dashboard/actions/runs/36687572860,,,,,,,,,,
state,29,Karnataka,top_recent_ec,1,,,FP/KA/TRANS/464544/2024,"Construction of 66KV Single Circuit line on Double Circuit Tower by creating 01 number of 66KV Line Terminal bay at Existing 66/11KV Sub-station Kalsapura for a distance of about 10.267Kms for Establishing 2x12.5 MVA , 66/11KV Sub-station at Ganadalu village in Chickmagaluru Taluk,Chickmagaluru District.",KARNATAKA POWER TRANSMISSION CORPORATION LIMITED,Chikkamagaluru,Pending at State Government for Diversion Letter,2024-02-29T13:17:03.181+00:00,2026-09-28T11:58:22.368+00:00,1486.27,18.3919,https://parivesh.nic.in/newupgrade/#/report/ec?proposalId=50518394
state,29,Karnataka,top_recent_ec,2,,,FP/KA/Canal/434346/2023,"The  Proposal for construction of MS Raising Main Pipe line  of  KYK Main feeding to Kanakagiri, Koppal, and Tavargera Branch & Bleeder line to Shakhapur tank under Koppal Lift Irrigation Scheme  Package-II work  in forest  land  diversion  area  requirement  in Sy.No:57/1 of Shakhapur village of Kushtagi Taluk of Koppal Dist",KRISHNA BHAGYA JALA NIGAM LIMITED,Koppal,Final Diversion Order Issued,2023-06-22T12:09:15.038+00:00,2026-09-21T07:28:46.200+00:00,71332.34,77.396,https://parivesh.nic.in/newupgrade/#/report/ec?proposalId=6293886
state,29,Karnataka,top_recent_ec,3,,,FP/KA/ROAD/434465/2023,Widening to two lane with paved shoulders from deisgn Km 410.600 (existing Km 413.740) to design Km 441.900 (existing Km 447.610) (Hiriyur-Huliyar section) of NH-150A in the State of Karnataka on EPC mode. (Job No NH-150A-KNT-2021-22-936),"REGIONAL OFFICE, MINISTRY OF ROAD TRANSPORT & HIGHWAYS (MORT&H), GOVT OF INDIA, KARNATAKA",Chitradurga,Final Diversion Order Issued,2023-06-23T12:49:55.916+00:00,2026-09-18T09:47:40.016+00:00,13988.0,8.0926,https://parivesh.nic.in/newupgrade/#/report/ec?proposalId=6318872
state,29,Karnataka,top_recent_ec,4,,,FP/KA/WATER/526533/2025,"Improvements to Existing Water Supply Scheme to Haliyal Town with Kali River as Source and Remodelling of Water Supply Distribution Network System to Dandeli City, Uttara Kannada District, Karnataka, including Operation & Maintenance for a Period of 5 Years (Including 1 Year DLP) through Design, Build, Operation, and Transfer (DBOT) Mode",TOWN MUNCIPAL COUNCIL HALIYAL,Uttara Kannada,Stage-II Accorded,2025-02-28T11:49:09.153+00:00,2026-09-11T10:55:36.502+00:00,11666.68,1.8262,https://parivesh.nic.in/newupgrade/#/report/ec?proposalId=121258281
state,29,Karnataka,top_recent_ec,5,,,FP/KA/Pipeline/446989/2023,"Proposal for diversion of 0.1480 ha. of forest land in Sy No.155 of Batbelkunda Village, Basavakalyan Hobli, Basavakalyan Tq. Bidar District and Division for extension of Rising Main (MS Pipe) to feed water to Balkunda, Partapur, Thripurant, Narayanpur and Shivapur tanks & Others 5 tanks from CH: 16+975 to CH: 18+550 in Batbelkunda in the state of Karnataka.",Department of Irrigation,Bidar,Final Diversion Order Issued,2023-10-04T16:13:03.137+00:00,2026-09-04T06:55:41.829+00:00,18800.0,18.424,https://parivesh.nic.in/newupgrade/#/report/ec?proposalId=14575254
state,29,Karnataka,top_recent_ec,6,,,FP/KA/WATER/473066/2024,"Diversion of forest area for the improvement of water supply system to Anavatti Town with RDW & SD as source under AMRUT 2.0 Scheme in Anavatti Village and Talluru Village, Anavatti Hobli, Soraba Taluk, Shivamogga District.",town panchayath anavatti,Shivamogga,Final Diversion Order Issued,2024-05-15T12:30:16.865+00:00,2026-09-03T06:24:17.362+00:00,4560.0,0.6287,https://parivesh.nic.in/newupgrade/#/report/ec?proposalId=68373459
state,29,Karnataka,top_recent_ec,7,,,FP/KA/Canal/547603/2025,Diversion of forest land for the construction of canal to provide the irrigation facilities to 1201 Ha agricultural land in Haveri Taluk of Haveri district by Karnataka Neeravari Nigam Limited.,Karnataka Neeravari Nigam Limited,Haveri,Final Diversion Order Issued,2025-08-09T07:42:38.298+00:00,2026-08-25T10:20:53.654+00:00,720.0,22.3713,https://parivesh.nic.in/newupgrade/#/report/ec?proposalId=133755217
state,29,Karnataka,top_recent_ec,8,,,FP/KA/ROAD/454606/2023,Widening to two lane with paved shoulders from existing Intermediate lane from Km 15.980 to 30.750 (Megravalli to Agumbe) of NH-169A on Thirthahalli-Malpe section in the State of Karnataka on EPC mode,"REGIONAL OFFICE, MINISTRY OF ROAD TRANSPORT & HIGHWAYS (MORT&H), GOVT OF INDIA, KARNATAKA",Shivamogga,Final Diversion Order Issued,2023-12-06T16:23:29.742+00:00,2026-08-04T07:20:06.941+00:00,9620.0,11.0791,https://parivesh.nic.in/newupgrade/#/report/ec?proposalId=29731919
state,29,Karnataka,top_recent_ec,9,,,FP/KA/OFC/458845/2024,"PROPOSAL FOR OPTICAL FIBER CABLE LAYING BY BHARATH SANCHAR NIGAM LTD FOR CONNECTIVITY TO 4G TOWERS UNDER 4G SATURATION PROJECT WITH EXTENT OF 0.5 M IN FOREST/NON FOREST AREA FOR SITE AT HEBBAIL VILLAGE,KUMTA TALUK,UK",MAHESH NAIR,Uttara Kannada,Final Diversion Order Issued,2024-01-15T17:56:28.701+00:00,2026-08-04T07:15:29.754+00:00,90.0,0.3282,https://parivesh.nic.in/newupgrade/#/report/ec?proposalId=39126268
state,29,Karnataka,top_recent_ec,10,,,FP/KA/OFC/503304/2024,"Proposal for Underground OFC laying under USO 4G saturation project Belur village(Karwar range), Karwar Taluk, UttaraKannada dist",MAHESH NAIR,Uttara Kannada,Final Diversion Order Issued,2024-10-27T12:03:19.256+00:00,2026-08-04T07:02:22.887+00:00,50.0,0.0905,https://parivesh.nic.in/newupgrade/#/report/ec?proposalId=110405050
state,29,Karnataka,top_cost,1,,,FP/KA/ROAD/590655/2026,"Diversion of forest land for Upgradation and Development of village road from Halsala Village Bridge to Jataga village road in Khanapur taluk, Belagavi district",KARNATAKA RURAL INFRASTRUCTURE DEVELOPMENT LIMITED,Belagavi,Pending at UA for DFO EDS Reply,2026-08-31T06:41:50.689+00:00,,10000000.0,0.9946,https://parivesh.nic.in/newupgrade/#/report/ec?proposalId=1239727138
state,29,Karnataka,top_cost,2,,,FP/KA/HYD/IRRIG/430397/2023,"Construction of Ghataprabha right bank canal, distributaries and minors in kalabandakeri, Hangaragi, Shirur and 17 other villages in Bagalkote district in favour of Executive Engineer MBC division 1 Gaddanakeri Camp, Bagalkote",KARNATAKA NEERAVARI NIGAM LIMITED,Belagavi,Pending at DFO/CF after acceptance in PSC-I,2023-05-23T07:30:49.265+00:00,,9990000.0,1036.5343,https://parivesh.nic.in/newupgrade/#/report/ec?proposalId=5552659
state,29,Karnataka,top_cost,3,,,FP/KA/ROAD/590720/2026,Diversion of forest land for the Upgradation and Development of road from Warkada village to Panaji - Belagavi NH-4A main Road in Khanapura Taluk of Belagavi district,KARNATAKA RURAL INFRASTRUCTURE DEVELOPMENT LIMITED,Belagavi,Pending at UA for DFO EDS Reply,2026-08-31T10:20:44.844+00:00,,6000000.0,0.6526,https://parivesh.nic.in/newupgrade/#/report/ec?proposalId=1239765043
state,29,Karnataka,top_cost,4,,,FP/KA/WATER/441425/2023,"Diversion of 0.03 Ha of forest land for construction of ELSR of 50 KL in Halenidanegilu, Hosanidanegilu and Kenchayikoppa  Village of Hirekerur Taluk of Haveri District under Jal Jeevan Misssion (JJM) 2215",RURAL DRINKING WATER AND SANITATION SUBDIVISION HIREKERUR,Haveri,Pending at PP due to EDS by Nodal Officer,2023-08-23T06:09:47.212+00:00,,5648812.0,0.03,https://parivesh.nic.in/newupgrade/#/report/ec?proposalId=8216984
state,29,Karnataka,top_cost,5,,,FP/KA/OFC/445421/2023,OFC LAYING FOR 4G BTS OF DHAMNE S BAILUR BELGAUM DIST BELAGAVI TALUK OF 4G SATURATION PROJECT UNDER GOVT. OF INDIA,BHARAT SANCHAR NIGAM LIMITED,Belagavi,Pending on UA for Compensatory Levies Payment,2023-09-22T11:55:30.180+00:00,,5000000.0,0.086,https://parivesh.nic.in/newupgrade/#/report/ec?proposalId=11801550
state,29,Karnataka,top_cost,6,,,FP/KA/CommPost/467532/2024,Installtion of 4G mobile tower at Betadalli village (shanivarsante) unde GOI M4G saturation ptoject,MAHESH NAIR,Kodagu,Final Diversion Order Issued,2024-03-28T07:34:21.842+00:00,2025-09-10T11:39:42.823+00:00,5000000.0,0.0186,https://parivesh.nic.in/newupgrade/#/report/ec?proposalId=56659739
state,29,Karnataka,top_cost,7,,,FP/KA/CommPost/541451/2025,BSNL 4G SATURATION TOWER PROJECT VILLAGE KODANGADDE,MAHESH NAIR,Uttara Kannada,Final Diversion Order Issued,2025-06-14T14:31:14.658+00:00,2026-06-25T05:13:33.977+00:00,5000000.0,0.0185,https://parivesh.nic.in/newupgrade/#/report/ec?proposalId=129980524
state,29,Karnataka,top_cost,8,,,FP/KA/CommPost/541466/2025,BSNL 4G SATURATION TOWER PROJECT DHORANAGERI BETTA SURVEY NO 8,MAHESH NAIR,Uttara Kannada,Final Diversion Order Issued,2025-06-15T06:46:02.052+00:00,2026-05-23T10:29:41.246+00:00,5000000.0,0.0185,https://parivesh.nic.in/newupgrade/#/report/ec?proposalId=129986086
state,29,Karnataka,top_cost,9,,,FP/KA/CommPost/541724/2025,BSNL 4G SATURATION TOWER PROJECT KALGADDE-KANCHIGADDE 104B4,MAHESH NAIR,Uttara Kannada,Final Diversion Order Issued,2025-06-17T09:06:21.610+00:00,2026-05-23T10:37:15.814+00:00,5000000.0,0.0185,https://parivesh.nic.in/newupgrade/#/report/ec?proposalId=130117955
state,29,Karnataka,top_cost,10,,,FP/KA/CommPost/542326/2025,BSNL 4G SATURATION TOWER PROJECTKANAMUSKI BETTA SURVEY NO. 32,MAHESH NAIR,Uttara Kannada,Final Diversion Order Issued,2025-06-21T11:18:41.998+00:00,2026-07-03T11:39:41.116+00:00,5000000.0,0.0185,https://parivesh.nic.in/newupgrade/#/report/ec?proposalId=130488110
state,29,Karnataka,top_land,1,,,FP/KA/SRY/542841/2025,kenchenahalli gold block,aurum geo exploration private limited,Chikkamagaluru,Rejected in PSC-I,2025-06-26T07:34:08.496+00:00,,150.0,4080.0,https://parivesh.nic.in/newupgrade/#/report/ec?proposalId=130855255
state,29,Karnataka,top_land,2,,,FP/KA/SRY/575545/2026,"Preliminary Exploration (G3) for Gold in Kanivihalli Block, Davangere District, Karnataka",GEOVALE SERVICES PRIVATE LIMITED,Vijayanagar,Approval Granted,2026-04-13T08:13:00.906+00:00,,192.28,3000.0,https://parivesh.nic.in/newupgrade/#/report/ec?proposalId=1224182264
state,29,Karnataka,top_land,3,,,FP/KA/WATER/456606/2023,Yettinahole Integrated Drinking Water Project,Visvesvaraya Jala Nigam Limited,Hassan,Pending at UA due to EDS by DFO,2023-12-24T19:28:27.705+00:00,,2325200.0,2203.0008,https://parivesh.nic.in/newupgrade/#/report/ec?proposalId=33639832
state,29,Karnataka,top_land,4,,,FP/KA/SRY/557832/2025,Salagudda Gold block,KUNDAN GOLD MINES PRIVATE LIMITED,Haveri,Rejected in PSC-I,2025-11-11T11:39:14.443+00:00,,1560.0,2202.0,https://parivesh.nic.in/newupgrade/#/report/ec?proposalId=331071378
state,29,Karnataka,top_land,5,,,FP/KA/SRY/542872/2025,Timmanahalli Gold block,ORO GEO EXPLORATION INDIA PRIVATE  LIMITED,Tumakuru,Rejected in PSC-I,2025-06-26T10:16:17.911+00:00,,100.0,2000.0,https://parivesh.nic.in/newupgrade/#/report/ec?proposalId=130874390
state,29,Karnataka,top_land,6,,,FP/KA/SRY/562735/2025,"Shankarikoppa Gold Block, Haveri, Karnataka.",KUNDAN GOLD MINES PRIVATE LIMITED,Haveri,Approval Granted,2025-12-23T04:59:31.230+00:00,,500.0,1585.0,https://parivesh.nic.in/newupgrade/#/report/ec?proposalId=1171284778
state,29,Karnataka,top_land,7,,,FP/KA/HYD/IRRIG/430397/2023,"Construction of Ghataprabha right bank canal, distributaries and minors in kalabandakeri, Hangaragi, Shirur and 17 other villages in Bagalkote district in favour of Executive Engineer MBC division 1 Gaddanakeri Camp, Bagalkote",KARNATAKA NEERAVARI NIGAM LIMITED,Belagavi,Pending at DFO/CF after acceptance in PSC-I,2023-05-23T07:30:49.265+00:00,,9990000.0,1036.5343,https://parivesh.nic.in/newupgrade/#/report/ec?proposalId=5552659
state,29,Karnataka,top_land,8,,,FP/KA/RAIL/583948/2026,Proposed construction of the New Broad Gauge Double Line between Hubballi – Ankola with electrification.,DEPUTY CHIEF ENGINEER,Dharwad,Pending at UA due to EDS by MS after PSC-I,2026-07-01T14:59:13.261+00:00,,164359772333.0,1012.47,https://parivesh.nic.in/newupgrade/#/report/ec?proposalId=1233919779
state,29,Karnataka,top_land,9,,,FP/KA/Canal/431945/2023,"Renewal of FC lease for diversion of 199.35 hectare of forest land in various villages (around 13 forest villages) of Lingasugur and Devadurga taluks in Raichur District for already constructed Narayanapura Right Bank Canal (NRBC) for Irrigation an area of 84,000ha of lands of Lingasugur and Devadurga Taluk of Raichur district with the head Discharge of 101.17 cumecs",Department of Irrigation,Raichur,Pending at UA due to EDS by MS after PSC-I,2023-06-02T07:15:39.619+00:00,,625000.0,973.62,https://parivesh.nic.in/newupgrade/#/report/ec?proposalId=5824818
state,29,Karnataka,top_land,10,,,FP/KA/SRY/405400/2022,"Preliminary Exploration for Gold over an extent of 905.174 Ha of forest land in amalgamated Ajjanahalli Block situated in Sira Taluk, Tumkur District.",KUNDAN CARE PRODUCTS LIMITED,Tumakuru,Pending at UA due to EDS by MS after PSC-I,2022-11-04T10:59:12.437+00:00,,1228.79,949.164,https://parivesh.nic.in/newupgrade/#/report/ec?proposalId=1404962
state,30,Goa,stat,,projects,421,,,,,,,,,,
state,30,Goa,stat,,active_projects,377,,,,,,,,,,
state,30,Goa,stat,,applications,377,,,,,,,,,,
state,30,Goa,stat,,ec_granted,146,,,,,,,,,,
state,30,Goa,stat,,ec_pending,225,,,,,,,,,,
state,30,Goa,stat,,ec_rejected,4,,,,,,,,,,
state,30,Goa,stat,,delisted_or_removed,44,,,,,,,,,,
state,30,Goa,stat,,total_cost_lakhs,156890844.02,,,,,,,,,,
state,30,Goa,stat,,cost_outliers_excluded,15,,,,,,,,,,
state,30,Goa,stat,,total_land_ha,29690.8448,,,,,,,,,,
state,30,Goa,stat,,latest_application,2026-09-26T06:34:55.901+00:00,,,,,,,,,,
state,30,Goa,stat,,latest_grant,2026-09-04T06:19:27.575+00:00,,,,,,,,,,
state,30,Goa,stat,,changes_added,0,,,,,,,,,,
state,30,Goa,stat,,changes_removed,0,,,,,,,,,,
state,30,Goa,stat,,changes_updated,0,,,,,,,,,,
state,30,Goa,stat,,changes_status,0,,,,,,,,,,
state,30,Goa,stat,,compared_with,2026-09-30T16:00:09+05:30,,,,,,,,,,
state,30,Goa,status,,EC Granted,86,,,,,,,,,,
state,30,Goa,status,,(none),73,,,,,,,,,,
state,30,Goa,status,,DELISTED_BY_SYSTEM,42,,,,,,,,,,
state,30,Goa,status,,Under Examination with SCZMA,34,,,,,,,,,,
state,30,Goa,status,,EDS raised,23,,,,,,,,,,
state,30,Goa,status,,Under Verification,23,,,,,,,,,,
state,30,Goa,status,,Final Diversion Order Issued,20,,,,,,,,,,
state,30,Goa,status,,ToR Granted,11,,,,,,,,,,
state,30,Goa,status,,Pending at DFO for Scrutiny and Recommendation,11,,,,,,,,,,
state,30,Goa,status,,ADS Raised,10,,,,,,,,,,
state,30,Goa,status,,Referred to SEIAA,9,,,,,,,,,,
state,30,Goa,status,,TOR Granted,8,,,,,,,,,,
state,30,Goa,status,,Proposal returned in present form,5,,,,,,,,,,
state,30,Goa,status,,Pending at UA for DFO EDS Reply,5,,,,,,,,,,
state,30,Goa,status,,CRZ Granted,4,,,,,,,,,,
state,30,Goa,status,,EC Rejected,4,,,,,,,,,,
state,30,Goa,status,,Pending at MS SEIAA,4,,,,,,,,,,
state,30,Goa,status,,Pending at Nodal Officer for Recommendation,4,,,,,,,,,,
state,30,Goa,status,,Pending at DFO due to EDS by Nodal Officer,4,,,,,,,,,,
state,30,Goa,status,,Pending at Nodal Officer due to EDS by State Secretary,3,,,,,,,,,,
state,30,Goa,status,,Under Examination,3,,,,,,,,,,
state,30,Goa,status,,Forwarded to MS,3,,,,,,,,,,
state,30,Goa,status,,Pending on UA for Compensatory Levies Payment,3,,,,,,,,,,
state,30,Goa,status,,Pending at MS for Acceptance in PSC-I,3,,,,,,,,,,
state,30,Goa,status,,Referred to SEAC,3,,,,,,,,,,
state,30,Goa,status,,Accepted and Referred to SCZMA,3,,,,,,,,,,
state,30,Goa,status,,REMOVED,2,,,,,,,,,,
state,30,Goa,status,,Pending at UA due to EDS by MS after PSC-I,2,,,,,,,,,,
state,30,Goa,status,,EDS Raised,2,,,,,,,,,,
state,30,Goa,status,,Proposal Accepted and Referred to SEAC,2,,,,,,,,,,
state,30,Goa,status,,TOR GRANTED,1,,,,,,,,,,
state,30,Goa,status,,Referred to EAC,1,,,,,,,,,,
state,30,Goa,status,,Referred to SCZMA,1,,,,,,,,,,
state,30,Goa,status,,Withdrawal Request Accepted,1,,,,,,,,,,
state,30,Goa,status,,Proposal Withdrawal Request Accepted,1,,,,,,,,,,
state,30,Goa,status,,Pending at UA for Compliance Report,1,,,,,,,,,,
state,30,Goa,status,,ADS Raised to SCZMA,1,,,,,,,,,,
state,30,Goa,status,,ADS RAISED,1,,,,,,,,,,
state,30,Goa,status,,Standard ToR Granted,1,,,,,,,,,,
state,30,Goa,status,,Proposal pulled back (withdrawn),1,,,,,,,,,,
state,30,Goa,status,,Proposal Accepted and Referred to EAC,1,,,,,,,,,,
state,30,Goa,status,,Forwarded to DD,1,,,,,,,,,,
state,30,Goa,applications_by_year,,2022,14,,,,,,,,,,
state,30,Goa,applications_by_year,,2023,116,,,,,,,,,,
state,30,Goa,applications_by_year,,2024,100,,,,,,,,,,
state,30,Goa,applications_by_year,,2025,85,,,,,,,,,,
state,30,Goa,applications_by_year,,2026,62,,,,,,,,,,
state,30,Goa,grants_by_year,,2023,43,,,,,,,,,,
state,30,Goa,grants_by_year,,2024,40,,,,,,,,,,
state,30,Goa,grants_by_year,,2025,62,,,,,,,,,,
state,30,Goa,grants_by_year,,2026,1,,,,,,,,,,
state,30,Goa,run,,run_status,ok,,,,,,,,,,
state,30,Goa,run,,run_date,2026-09-30T04:58:08Z,,,,,,,,,,
state,30,Goa,run,,run_url,,,,,,,,,,,
state,30,Goa,top_recent_ec,1,,,SIA/GA/INFRA2/589467/2026,"Proposed expansion of existing infrastructure at BITS Pilani, K K Birla Goa Campus located at village Sancoale, Mormugao, South Goa, Goa",BIRLA INSTITUTE OF TECHNOLOGY AND SCIENCE,South Goa,ToR Granted,2026-08-19T07:04:19.642+00:00,2026-09-04T06:19:27.575+00:00,40000.0,67.55,https://parivesh.nic.in/newupgrade/#/report/ec?proposalId=1238768297
state,30,Goa,top_recent_ec,2,,,SIA/GA/INFRA2/531160/2025,M/S NANU ESTATES Pvt Ltd,nanu Estates Private Limited,South Goa,EC Granted,2025-03-24T18:16:11.723+00:00,2025-10-01T11:16:16.445+00:00,7000.0,0.7411,https://parivesh.nic.in/newupgrade/#/report/ec?proposalId=123284004
state,30,Goa,top_recent_ec,3,,,SIA/GA/MIN/517609/2025,"Laterite Stone Quarry with a lease area of 5.00 Ha located on land bearing Survey No. 31/1 of Vaguriem Village, Sattari Taluka, North Goa by Gurudas Mone .",GURUDAS MONE,North Goa,EC Granted,2025-01-07T10:07:38.826+00:00,2025-10-01T09:17:41.167+00:00,15.0,5.0,https://parivesh.nic.in/newupgrade/#/report/ec?proposalId=116910497
state,30,Goa,top_recent_ec,4,,,SIA/GA/INFRA2/535866/2025,"Construction of the residential-cum-commercial project 'Ferrum Heights' on property bearing Chalta Nos. 7, 8, and 24 of PT Sheet No. 25 in Margao, Salcete, Goa, by M/s Edifice Developers.",EDIFICE DEVELOPERS,South Goa,EC Granted,2025-04-30T06:20:06.375+00:00,2025-09-18T10:30:30.220+00:00,6800.0,0.3595,https://parivesh.nic.in/newupgrade/#/report/ec?proposalId=125883285
state,30,Goa,top_recent_ec,5,,,IA/GA/CRZ/478182/2024,Westin Goa Majorda Beach Resort and Spa,EASTERN INTERNATIONAL HOTELS LIMITED,South Goa,ADS Raised to SCZMA,2024-06-01T08:18:24.935+00:00,2025-09-15T12:07:09.396+00:00,10500.0,8.4025,https://parivesh.nic.in/newupgrade/#/report/ec?proposalId=72578861
state,30,Goa,top_recent_ec,6,,,IA/GA/MIN/471378/2024,Block IX Surla Sonshi Mineral Block,JSW STEEL LTD,North Goa,ToR Granted,2024-05-02T10:29:39.867+00:00,2025-09-14T19:10:22.722+00:00,2900.0,254.51,https://parivesh.nic.in/newupgrade/#/report/ec?proposalId=65053241
state,30,Goa,top_recent_ec,7,,,SIA/GA/INFRA2/548571/2025,"Proposed Maharashtra Academy of Engineering and Educational Research at S.No.88, Sub-Division No. 1-B, Thivim Village of Bardez Taluka, Goa by M/S. Maharashtra Academy of Engineering and Educational Research Detail",MAHARASHTRA ACADEMY OF ENGINEERING AND EDUCATIONAL RESEARCH PUNE,North Goa,EC Granted,2025-08-19T08:24:03.627+00:00,2025-09-12T13:49:19.029+00:00,18000.0,20.0,https://parivesh.nic.in/newupgrade/#/report/ec?proposalId=134299434
state,30,Goa,top_recent_ec,8,,,SIA/GA/INFRA2/529519/2025,PROPOSED PM EKTA MALL BY GOA TOURISM DEVELOPMENT CORPORATION,MURUGAMPALAYAM PONNAMALEI BALAN,North Goa,EC Granted,2025-03-15T05:09:07.270+00:00,2025-09-12T13:33:28.262+00:00,13223.27,2.5,https://parivesh.nic.in/newupgrade/#/report/ec?proposalId=122438739
state,30,Goa,top_recent_ec,9,,,IA/GA/IND2/546260/2025,"Greenfield 2 x 300 KLPD Grain based Ethanol/ENA Plant, 2 x 7.0 MW Co-generation Power plant in both phases & Bottling plant of 870 Bottles/Minute in Phase-1",CENTREAL BIOFUELS LIMITED,North Goa,Standard ToR Granted,2025-07-28T10:01:21.415+00:00,2025-09-08T10:47:13.196+00:00,76338.0,26.2664,https://parivesh.nic.in/newupgrade/#/report/ec?proposalId=132931425
state,30,Goa,top_recent_ec,10,,,IA/GA/MIN/529454/2025,Block IV – Kalay Mineral Block,FOMENTO RESOURCES PRIVATE LIMITED,South Goa,EC Granted,2025-03-14T07:05:44.332+00:00,2025-08-22T17:20:17.910+00:00,3680.0,152.5073,https://parivesh.nic.in/newupgrade/#/report/ec?proposalId=122412295
state,30,Goa,top_cost,1,,,WL/GA/VELEC/589629/2026,"Work of releasing of 1Ph power supply to 05nos. of applicants as per the new connection request received from Shri. Bhairu J. Rekdo, Shri. Bomi J. Rekdo, Shri. Navlo J. Rekdo, Shri. Kondo J. Rekdo, Shri. Anant M. Gaonkar for a connected load of 440W, 940W, 840W, 500W and 740W respectively under the jurisdiction of Elect. Sub Division-IV, Curchorem, Div-VII, Curchorem Goa",GOA ELECTRICITY DEPARTMENT,South Goa,,2026-08-20T07:25:43.418+00:00,,9447327.0,0.0416,https://parivesh.nic.in/newupgrade/#/report/ec?proposalId=1238879133
state,30,Goa,top_cost,2,,,FP/GA/OTHERS/589685/2026,"Work of releasing of 1Ph power supply to 05nos. of applicants as per the new connection request received from Shri. Bhairu J. Rekdo, Shri. Bomi J. Rekdo, Shri. Navlo J. Rekdo, Shri. Kondo J. Rekdo, Shri. Anant M. Gaonkar for a connected load of 440W, 940W, 840W, 500W and 740W respectively under the jurisdiction of Elect. Sub Division-IV, Curchorem, Div-VII, Curchorem Goa",GOA ELECTRICITY DEPARTMENT,South Goa,Pending at DFO for Scrutiny and Recommendation,2026-08-20T10:36:32.157+00:00,,9447327.0,0.0416,https://parivesh.nic.in/newupgrade/#/report/ec?proposalId=1238908547
state,30,Goa,top_cost,3,,,FP/GA/CommPost/576403/2026,GoI USOF BSNL 4G Saturation Project at Verlem for laying of O/H ADSS OFC,MAHESH NAIR,South Goa,Pending at DFO for Scrutiny and Recommendation,2026-04-20T12:47:37.309+00:00,,6802850.0,0.0026,https://parivesh.nic.in/newupgrade/#/report/ec?proposalId=1224948871
state,30,Goa,top_cost,4,,,WL/GA/OFC/576661/2026,GoI USOF BSNL 4G Saturation Project at Verlem for laying of O/H ADSS OFC,MAHESH NAIR,South Goa,,2026-04-22T13:05:55.767+00:00,,6802850.0,0.0026,https://parivesh.nic.in/newupgrade/#/report/ec?proposalId=1225196184
state,30,Goa,top_cost,5,,,WL/GA/OFC/581294/2026,GoI USOF BSNL 4G Saturation Project at Verlem for laying of O/H ADSS OFC (W/L),MAHESH NAIR,South Goa,,2026-06-05T09:08:30.558+00:00,,6802850.0,0.0026,https://parivesh.nic.in/newupgrade/#/report/ec?proposalId=1231086457
state,30,Goa,top_cost,6,,,FP/GA/MIN/QRY/451376/2023,"Naquerim Bauxite Mine with lease area of 40.92 Ha located at Survey. Nos. 53(Part), 54, 56 (Part), 55 (Part), 50 (Part), 57 (Part) & 49 (Part), Naquerim Village, Quepem Taluk, South Goa District, Goa by M/s. Bhumipurusha Minerals Pvt. Ltd.",BHUMIPURUSHA MINERALS PRIVATE LIMITED,South Goa,Pending at UA due to EDS by MS after PSC-I,2023-11-04T12:09:54.208+00:00,,6700000.0,40.92,https://parivesh.nic.in/newupgrade/#/report/ec?proposalId=21832543
state,30,Goa,top_cost,7,,,SIA/GA/INFRA2/436831/2023,"Proposed Construction of Commercial cum Residential Buildings, Club house and Swimming Pool by M/s. Priority Constructions and Mr. Haroon Ebrahim in property bearing Survey No. 104/1, 104/2(Part), 103/2(Part) and 103/5 of Taleigao Village, Tiswadi Taluka, North Goa, Goa",PRIORITY CONSTRUCTIONS,North Goa,EDS raised,2023-07-15T09:15:48.772+00:00,2023-10-19T11:58:37.780+00:00,4076706.0,1.2758,https://parivesh.nic.in/newupgrade/#/report/ec?proposalId=6822694
state,30,Goa,top_cost,8,,,SIA/GA/INFRA2/526809/2025,"Proposed construction of a Residential Cum Commercial development - ""Priority Magnum"" by M/s. Priority Constructions Pvt. Ltd. and Mr. Haroon Ebrahim on plot bearing Survey No 104/1, 104/2 (Part), 103/2-A, and 103/5, Taleigao Village, Tiswadi Taluka, North Goa.",PRIORITY CONSTRUCTIONS,North Goa,EC Granted,2025-03-01T09:14:01.495+00:00,2025-06-24T07:15:19.099+00:00,4076706.0,1.3268,https://parivesh.nic.in/newupgrade/#/report/ec?proposalId=121338565
state,30,Goa,top_cost,9,,,FP/GA/OTHERS/585872/2026,Construction of Residential House up to 250 sq. mtrs. as per the MoEF&CC guideline dated 25.01.2022,MANOJ KESHAV NAIK DHULAPKAR,South Goa,Pending at UA for DFO EDS Reply,2026-07-18T07:22:36.014+00:00,,4000000.0,0.025,https://parivesh.nic.in/newupgrade/#/report/ec?proposalId=1235634532
state,30,Goa,top_cost,10,,,IA/GA/CRZ/453925/2023,Temporary Huts,KUNDAN BHAGAT,South Goa,Under Examination with SCZMA,2023-11-30T16:10:57.025+00:00,,3000000.0,1300.0,https://parivesh.nic.in/newupgrade/#/report/ec?proposalId=28170587
state,30,Goa,top_land,1,,,IA/GA/CRZ/417439/2023,Boutique Hotel project,HERMITAGE BUILDERS PRIVATE LIMITED,South Goa,,2023-02-08T08:18:56.502+00:00,,700.0,12271.0,https://parivesh.nic.in/newupgrade/#/report/ec?proposalId=2944697
state,30,Goa,top_land,2,,,IA/GA/CRZ/455726/2023,"PROPOSED CONSTRUCTION OF HOTEL BUILDINGS ( BLOCK A, B, C,D,E) UNSTORIED PORCH AND SWIMMING POOL",MARIO FERNANDES,North Goa,Under Examination with SCZMA,2023-12-16T04:50:22.985+00:00,,750.0,4100.0,https://parivesh.nic.in/newupgrade/#/report/ec?proposalId=32254590
state,30,Goa,top_land,3,,,IA/GA/CRZ/453925/2023,Temporary Huts,KUNDAN BHAGAT,South Goa,Under Examination with SCZMA,2023-11-30T16:10:57.025+00:00,,3000000.0,1300.0,https://parivesh.nic.in/newupgrade/#/report/ec?proposalId=28170587
state,30,Goa,top_land,4,,,IA/GA/CRZ/462417/2024,MATALI HOTEL & RESORTS PRIVATE LIMITED,MATALI HOTEL & RESORTS PRIVATE LIMITED,North Goa,Under Examination with SCZMA,2024-02-10T08:48:11.233+00:00,,45.0,1125.0,https://parivesh.nic.in/newupgrade/#/report/ec?proposalId=45587459
state,30,Goa,top_land,5,,,IA/GA/CRZ/456444/2023,M/S Dream Land,JOFFREY PEREIRA,South Goa,Under Examination with SCZMA,2023-12-22T10:31:57.879+00:00,,7.0,1040.0,https://parivesh.nic.in/newupgrade/#/report/ec?proposalId=33144271
state,30,Goa,top_land,6,,,IA/GA/MIN/422323/2023,Block 1- Bicholim Mineral Block for Iron Ore,VEDANTA LIMITED,North Goa,ToR Granted,2023-03-16T05:45:26.300+00:00,2023-06-16T11:05:48.940+00:00,25000.0,478.5206,https://parivesh.nic.in/newupgrade/#/report/ec?proposalId=3996409
state,30,Goa,top_land,7,,,IA/GA/MIN/583503/2026,Block 1- Bicholim Mineral Block for Iron Ore,VEDANTA LIMITED,North Goa,Referred to EAC,2023-08-31T12:55:47.849+00:00,2024-01-23T11:57:41.431+00:00,25000.0,478.5206,https://parivesh.nic.in/newupgrade/#/report/ec?proposalId=1233463585
state,30,Goa,top_land,8,,,IA/GA/MIN/442593/2023,Block 1- Bicholim Mineral Block for Iron Ore,VEDANTA LIMITED,North Goa,EC Granted,2023-08-31T12:55:47.849+00:00,2024-01-23T11:57:41.431+00:00,25000.0,478.5206,https://parivesh.nic.in/newupgrade/#/report/ec?proposalId=8886191
state,30,Goa,top_land,9,,,FP/GA/MIND/551274/2025,"Application for approval of forest land under clause (iii) of sub section (1) section 2 of the Van (Sanrakshan Evam Samvardhan) Adhiniyam, 1980 for Signing of lease Agreement in Respect of  ""Codli Mineral Block-XII"" by M/s JSW Steel Ltd. under South Goa District/Division of Goa.",JSW STEEL LTD,South Goa,Pending at MS for Acceptance in PSC-I,2025-09-11T12:19:32.598+00:00,,50000.0,377.0881,https://parivesh.nic.in/newupgrade/#/report/ec?proposalId=136118155
state,30,Goa,top_land,10,,,IA/GA/MIN/552475/2025,"Codli Mineral Block - XII, Auctioned Block Area: 377.0881 ha with Iron Ore production 3.50 Million TPA, OB/Waste 8.21 Million TPA (Total Excavation: 11.71 Million TPA) along with Installation 04 Crusher (3 Primary Crusher of 1 x 250 TPH & 2 x 90 TPH and 1 Secondary Crusher of 150 TPH) and 600 TPH Dry & 2 x 300 TPH Wet Beneficiation Plant with Throughput Capacity 3.50 Million TPA located at Village: Codli, Taluka: Dharbandora, District: South Goa (Goa) by JSW Steel Limited.",JSW STEEL LTD,South Goa,EDS Raised,2025-09-21T03:24:16.146+00:00,,50000.0,377.0881,https://parivesh.nic.in/newupgrade/#/report/ec?proposalId=136690198
state,31,Lakshadweep,stat,,projects,19,,,,,,,,,,
state,31,Lakshadweep,stat,,active_projects,19,,,,,,,,,,
state,31,Lakshadweep,stat,,applications,19,,,,,,,,,,
state,31,Lakshadweep,stat,,ec_granted,10,,,,,,,,,,
state,31,Lakshadweep,stat,,ec_pending,9,,,,,,,,,,
state,31,Lakshadweep,stat,,ec_rejected,0,,,,,,,,,,
state,31,Lakshadweep,stat,,delisted_or_removed,0,,,,,,,,,,
state,31,Lakshadweep,stat,,total_cost_lakhs,314679.0,,,,,,,,,,
state,31,Lakshadweep,stat,,cost_outliers_excluded,0,,,,,,,,,,
state,31,Lakshadweep,stat,,total_land_ha,38.2671,,,,,,,,,,
state,31,Lakshadweep,stat,,latest_application,2026-03-09T07:16:40.219+00:00,,,,,,,,,,
state,31,Lakshadweep,stat,,latest_grant,2026-06-12T07:17:12.105+00:00,,,,,,,,,,
state,31,Lakshadweep,stat,,changes_added,7,,,,,,,,,,
state,31,Lakshadweep,stat,,changes_removed,18,,,,,,,,,,
state,31,Lakshadweep,stat,,changes_updated,3,,,,,,,,,,
state,31,Lakshadweep,stat,,changes_status,0,,,,,,,,,,
state,31,Lakshadweep,stat,,compared_with,2025-09-22T10:48:43+05:30,,,,,,,,,,
state,31,Lakshadweep,status,,ToR Granted,10,,,,,,,,,,
state,31,Lakshadweep,status,,(none),9,,,,,,,,,,
state,31,Lakshadweep,applications_by_year,,2023,13,,,,,,,,,,
state,31,Lakshadweep,applications_by_year,,2024,1,,,,,,,,,,
state,31,Lakshadweep,applications_by_year,,2026,5,,,,,,,,,,
state,31,Lakshadweep,grants_by_year,,2024,2,,,,,,,,,,
state,31,Lakshadweep,grants_by_year,,2025,1,,,,,,,,,,
state,31,Lakshadweep,grants_by_year,,2026,7,,,,,,,,,,
state,31,Lakshadweep,run,,run_status,ok,,,,,,,,,,
state,31,Lakshadweep,run,,run_date,2026-09-30T06:14:04Z,,,,,,,,,,
state,31,Lakshadweep,run,,run_url,https://github.com/publicmap/parivesh-dashboard/actions/runs/36676877498,,,,,,,,,,
state,31,Lakshadweep,top_recent_ec,1,,,IA/LD/INFRA1/571339/2026,"Dredging of the Existing Navigational Channel and Turning Circle on the Western Side of Kadmath Island, Lakshadweep.",DEPARTMENT OF PORT SHIPPING AND AVIATION UT OF LAKSHADWEEP,Lakshadweep,ToR Granted,2026-03-05T11:01:25.129+00:00,2026-06-12T07:17:12.105+00:00,5253.0,9.6,https://parivesh.nic.in/newupgrade/#/report/ec?proposalId=1220937060
state,31,Lakshadweep,top_recent_ec,2,,,IA/LD/INFRA1/571442/2026,"Dredging of the existing navigational channel and turning circle on the western side of  Kalpeni Island, Lakshadweep.",DEPARTMENT OF PORT SHIPPING AND AVIATION UT OF LAKSHADWEEP,Lakshadweep,ToR Granted,2026-03-06T08:51:13.203+00:00,2026-06-12T07:12:47.052+00:00,5253.0,20.705,https://parivesh.nic.in/newupgrade/#/report/ec?proposalId=1221018038
state,31,Lakshadweep,top_recent_ec,3,,,IA/LD/INFRA2/540783/2026,"Development of Water Aerodrome at Kavaratti Island, Lakshadweep",DEPARTMENT OF PORT SHIPPING AND AVIATION UT OF LAKSHADWEEP,Lakshadweep,ToR Granted,2023-12-26T10:33:52.112+00:00,2026-06-08T08:05:44.137+00:00,2000.0,0.2,https://parivesh.nic.in/newupgrade/#/report/ec?proposalId=129568653
state,31,Lakshadweep,top_recent_ec,4,,,IA/LD/INFRA2/572037/2026,"Development of Water Aerodrome at Minicoy Island, Lakshadweep",DEPARTMENT OF PORT SHIPPING AND AVIATION UT OF LAKSHADWEEP,Lakshadweep,ToR Granted,2023-12-13T15:48:27.981+00:00,2026-06-08T07:52:50.016+00:00,2000.0,0.149,https://parivesh.nic.in/newupgrade/#/report/ec?proposalId=1221491432
state,31,Lakshadweep,top_recent_ec,5,,,IA/LD/INFRA2/571264/2026,"Development of Water Aerodrome at Kalpeni Island, UT of Lakshadweep",DEPARTMENT OF PORT SHIPPING AND AVIATION UT OF LAKSHADWEEP,Lakshadweep,ToR Granted,2026-03-05T05:15:20.565+00:00,2026-06-08T07:47:28.393+00:00,2000.0,0.0333,https://parivesh.nic.in/newupgrade/#/report/ec?proposalId=1220815854
state,31,Lakshadweep,top_recent_ec,6,,,IA/LD/INFRA2/571313/2026,"Development of Water Aerodrome at Kiltan Island, UT of Lakshadweep",DEPARTMENT OF PORT SHIPPING AND AVIATION UT OF LAKSHADWEEP,Lakshadweep,ToR Granted,2026-03-05T09:16:59.131+00:00,2026-06-08T07:40:09.916+00:00,2000.0,0.0587,https://parivesh.nic.in/newupgrade/#/report/ec?proposalId=1220922215
state,31,Lakshadweep,top_recent_ec,7,,,IA/LD/INFRA2/571709/2026,"Development of Water Aerodrome at Kadmat Island, UT of Lakshadweep",DEPARTMENT OF PORT SHIPPING AND AVIATION UT OF LAKSHADWEEP,Lakshadweep,ToR Granted,2026-03-09T07:16:40.219+00:00,2026-06-08T06:34:10.344+00:00,2000.0,0.024,https://parivesh.nic.in/newupgrade/#/report/ec?proposalId=1221191183
state,31,Lakshadweep,top_recent_ec,8,,,IA/LD/INFRA1/491993/2024,Development of Marine and Land facilities at Androth Island in Lakshadweep,DEPARTMENT OF PORT SHIPPING AND AVIATION UT OF LAKSHADWEEP,Lakshadweep,ToR Granted,2024-08-09T06:11:59.393+00:00,2025-05-04T10:26:54.272+00:00,76571.0,0.51,https://parivesh.nic.in/newupgrade/#/report/ec?proposalId=91873839
state,31,Lakshadweep,top_recent_ec,9,,,IA/LD/INFRA2/455461/2024,"Development of Water Aerodrome at Minicoy Island, Lakshadweep",DEPARTMENT OF PORT SHIPPING AND AVIATION UT OF LAKSHADWEEP,Lakshadweep,ToR Granted,2023-12-13T15:48:27.981+00:00,2024-09-02T05:17:21.074+00:00,2000.0,0.149,https://parivesh.nic.in/newupgrade/#/report/ec?proposalId=31515046
state,31,Lakshadweep,top_recent_ec,10,,,IA/LD/INFRA2/456736/2024,"Development of Water Aerodrome at Kavaratti Island, Lakshadweep",DEPARTMENT OF PORT SHIPPING AND AVIATION UT OF LAKSHADWEEP,Lakshadweep,ToR Granted,2023-12-26T10:33:52.112+00:00,2024-09-02T05:10:35.752+00:00,2000.0,0.2,https://parivesh.nic.in/newupgrade/#/report/ec?proposalId=34131205
state,31,Lakshadweep,top_cost,1,,,WL/LD/CommPost/438185/2023,Test26July,Department of Land Resources,Agra,,2023-07-26T12:18:52.032+00:00,,213123.0,0.001,https://parivesh.nic.in/newupgrade/#/report/ec?proposalId=7125166
state,31,Lakshadweep,top_cost,2,,,IA/LD/INFRA1/491993/2024,Development of Marine and Land facilities at Androth Island in Lakshadweep,DEPARTMENT OF PORT SHIPPING AND AVIATION UT OF LAKSHADWEEP,Lakshadweep,ToR Granted,2024-08-09T06:11:59.393+00:00,2025-05-04T10:26:54.272+00:00,76571.0,0.51,https://parivesh.nic.in/newupgrade/#/report/ec?proposalId=91873839
state,31,Lakshadweep,top_cost,3,,,IA/LD/INFRA1/571339/2026,"Dredging of the Existing Navigational Channel and Turning Circle on the Western Side of Kadmath Island, Lakshadweep.",DEPARTMENT OF PORT SHIPPING AND AVIATION UT OF LAKSHADWEEP,Lakshadweep,ToR Granted,2026-03-05T11:01:25.129+00:00,2026-06-12T07:17:12.105+00:00,5253.0,9.6,https://parivesh.nic.in/newupgrade/#/report/ec?proposalId=1220937060
state,31,Lakshadweep,top_cost,4,,,IA/LD/INFRA1/571442/2026,"Dredging of the existing navigational channel and turning circle on the western side of  Kalpeni Island, Lakshadweep.",DEPARTMENT OF PORT SHIPPING AND AVIATION UT OF LAKSHADWEEP,Lakshadweep,ToR Granted,2026-03-06T08:51:13.203+00:00,2026-06-12T07:12:47.052+00:00,5253.0,20.705,https://parivesh.nic.in/newupgrade/#/report/ec?proposalId=1221018038
state,31,Lakshadweep,top_cost,5,,,IA/LD/INFRA2/572037/2026,"Development of Water Aerodrome at Minicoy Island, Lakshadweep",DEPARTMENT OF PORT SHIPPING AND AVIATION UT OF LAKSHADWEEP,Lakshadweep,ToR Granted,2023-12-13T15:48:27.981+00:00,2026-06-08T07:52:50.016+00:00,2000.0,0.149,https://parivesh.nic.in/newupgrade/#/report/ec?proposalId=1221491432
state,31,Lakshadweep,top_cost,6,,,IA/LD/INFRA2/455461/2024,"Development of Water Aerodrome at Minicoy Island, Lakshadweep",DEPARTMENT OF PORT SHIPPING AND AVIATION UT OF LAKSHADWEEP,Lakshadweep,ToR Granted,2023-12-13T15:48:27.981+00:00,2024-09-02T05:17:21.074+00:00,2000.0,0.149,https://parivesh.nic.in/newupgrade/#/report/ec?proposalId=31515046
state,31,Lakshadweep,top_cost,7,,,IA/LD/INFRA2/540783/2026,"Development of Water Aerodrome at Kavaratti Island, Lakshadweep",DEPARTMENT OF PORT SHIPPING AND AVIATION UT OF LAKSHADWEEP,Lakshadweep,ToR Granted,2023-12-26T10:33:52.112+00:00,2026-06-08T08:05:44.137+00:00,2000.0,0.2,https://parivesh.nic.in/newupgrade/#/report/ec?proposalId=129568653
state,31,Lakshadweep,top_cost,8,,,IA/LD/INFRA2/456736/2024,"Development of Water Aerodrome at Kavaratti Island, Lakshadweep",DEPARTMENT OF PORT SHIPPING AND AVIATION UT OF LAKSHADWEEP,Lakshadweep,ToR Granted,2023-12-26T10:33:52.112+00:00,2024-09-02T05:10:35.752+00:00,2000.0,0.2,https://parivesh.nic.in/newupgrade/#/report/ec?proposalId=34131205
state,31,Lakshadweep,top_cost,9,,,IA/LD/INFRA2/571264/2026,"Development of Water Aerodrome at Kalpeni Island, UT of Lakshadweep",DEPARTMENT OF PORT SHIPPING AND AVIATION UT OF LAKSHADWEEP,Lakshadweep,ToR Granted,2026-03-05T05:15:20.565+00:00,2026-06-08T07:47:28.393+00:00,2000.0,0.0333,https://parivesh.nic.in/newupgrade/#/report/ec?proposalId=1220815854
state,31,Lakshadweep,top_cost,10,,,IA/LD/INFRA2/571313/2026,"Development of Water Aerodrome at Kiltan Island, UT of Lakshadweep",DEPARTMENT OF PORT SHIPPING AND AVIATION UT OF LAKSHADWEEP,Lakshadweep,ToR Granted,2026-03-05T09:16:59.131+00:00,2026-06-08T07:40:09.916+00:00,2000.0,0.0587,https://parivesh.nic.in/newupgrade/#/report/ec?proposalId=1220922215
state,31,Lakshadweep,top_land,1,,,IA/LD/INFRA1/571442/2026,"Dredging of the existing navigational channel and turning circle on the western side of  Kalpeni Island, Lakshadweep.",DEPARTMENT OF PORT SHIPPING AND AVIATION UT OF LAKSHADWEEP,Lakshadweep,ToR Granted,2026-03-06T08:51:13.203+00:00,2026-06-12T07:12:47.052+00:00,5253.0,20.705,https://parivesh.nic.in/newupgrade/#/report/ec?proposalId=1221018038
state,31,Lakshadweep,top_land,2,,,IA/LD/INFRA1/571339/2026,"Dredging of the Existing Navigational Channel and Turning Circle on the Western Side of Kadmath Island, Lakshadweep.",DEPARTMENT OF PORT SHIPPING AND AVIATION UT OF LAKSHADWEEP,Lakshadweep,ToR Granted,2026-03-05T11:01:25.129+00:00,2026-06-12T07:17:12.105+00:00,5253.0,9.6,https://parivesh.nic.in/newupgrade/#/report/ec?proposalId=1220937060
state,31,Lakshadweep,top_land,3,,,WL/LD/INFRA/438865/2023,Test1Aug2023,Department of Land Resources,Tirupati,,2023-08-01T17:12:53.906+00:00,,131.0,3.3,https://parivesh.nic.in/newupgrade/#/report/ec?proposalId=7280903
state,31,Lakshadweep,top_land,4,,,WL/LD/SRY/438284/2023,WL_27072023,Department of Land Resources,Kota,,2023-07-27T09:14:48.262+00:00,,1.0,2.0,https://parivesh.nic.in/newupgrade/#/report/ec?proposalId=7146785
state,31,Lakshadweep,top_land,5,,,WL/LD/IRRIG/438571/2023,Test30July,Department of Land Resources,Tirupati,,2023-07-29T12:06:58.510+00:00,,342.0,1.333,https://parivesh.nic.in/newupgrade/#/report/ec?proposalId=7207852
state,31,Lakshadweep,top_land,6,,,IA/LD/INFRA1/491993/2024,Development of Marine and Land facilities at Androth Island in Lakshadweep,DEPARTMENT OF PORT SHIPPING AND AVIATION UT OF LAKSHADWEEP,Lakshadweep,ToR Granted,2024-08-09T06:11:59.393+00:00,2025-05-04T10:26:54.272+00:00,76571.0,0.51,https://parivesh.nic.in/newupgrade/#/report/ec?proposalId=91873839
state,31,Lakshadweep,top_land,7,,,IA/LD/INFRA2/540783/2026,"Development of Water Aerodrome at Kavaratti Island, Lakshadweep",DEPARTMENT OF PORT SHIPPING AND AVIATION UT OF LAKSHADWEEP,Lakshadweep,ToR Granted,2023-12-26T10:33:52.112+00:00,2026-06-08T08:05:44.137+00:00,2000.0,0.2,https://parivesh.nic.in/newupgrade/#/report/ec?proposalId=129568653
state,31,Lakshadweep,top_land,8,,,IA/LD/INFRA2/456736/2024,"Development of Water Aerodrome at Kavaratti Island, Lakshadweep",DEPARTMENT OF PORT SHIPPING AND AVIATION UT OF LAKSHADWEEP,Lakshadweep,ToR Granted,2023-12-26T10:33:52.112+00:00,2024-09-02T05:10:35.752+00:00,2000.0,0.2,https://parivesh.nic.in/newupgrade/#/report/ec?proposalId=34131205
state,31,Lakshadweep,top_land,9,,,IA/LD/INFRA2/572037/2026,"Development of Water Aerodrome at Minicoy Island, Lakshadweep",DEPARTMENT OF PORT SHIPPING AND AVIATION UT OF LAKSHADWEEP,Lakshadweep,ToR Granted,2023-12-13T15:48:27.981+00:00,2026-06-08T07:52:50.016+00:00,2000.0,0.149,https://parivesh.nic.in/newupgrade/#/report/ec?proposalId=1221491432
state,31,Lakshadweep,top_land,10,,,IA/LD/INFRA2/455461/2024,"Development of Water Aerodrome at Minicoy Island, Lakshadweep",DEPARTMENT OF PORT SHIPPING AND AVIATION UT OF LAKSHADWEEP,Lakshadweep,ToR Granted,2023-12-13T15:48:27.981+00:00,2024-09-02T05:17:21.074+00:00,2000.0,0.149,https://parivesh.nic.in/newupgrade/#/report/ec?proposalId=31515046
state,31,Lakshadweep,recent_change,1,added,,IA/LD/INFRA2/571709/2026,"Development of Water Aerodrome at Kadmat Island, UT of Lakshadweep",DEPARTMENT OF PORT SHIPPING AND AVIATION UT OF LAKSHADWEEP,Lakshadweep,ToR Granted,2026-03-09T07:16:40.219+00:00,2026-06-08T06:34:10.344+00:00,2000.0,0.024,https://parivesh.nic.in/newupgrade/#/report/ec?proposalId=1221191183
state,31,Lakshadweep,recent_change,2,added,,IA/LD/INFRA1/571442/2026,"Dredging of the existing navigational channel and turning circle on the western side of  Kalpeni Island, Lakshadweep.",DEPARTMENT OF PORT SHIPPING AND AVIATION UT OF LAKSHADWEEP,Lakshadweep,ToR Granted,2026-03-06T08:51:13.203+00:00,2026-06-12T07:12:47.052+00:00,5253.0,20.705,https://parivesh.nic.in/newupgrade/#/report/ec?proposalId=1221018038
state,31,Lakshadweep,recent_change,3,added,,IA/LD/INFRA1/571339/2026,"Dredging of the Existing Navigational Channel and Turning Circle on the Western Side of Kadmath Island, Lakshadweep.",DEPARTMENT OF PORT SHIPPING AND AVIATION UT OF LAKSHADWEEP,Lakshadweep,ToR Granted,2026-03-05T11:01:25.129+00:00,2026-06-12T07:17:12.105+00:00,5253.0,9.6,https://parivesh.nic.in/newupgrade/#/report/ec?proposalId=1220937060
state,31,Lakshadweep,recent_change,4,added,,IA/LD/INFRA2/571313/2026,"Development of Water Aerodrome at Kiltan Island, UT of Lakshadweep",DEPARTMENT OF PORT SHIPPING AND AVIATION UT OF LAKSHADWEEP,Lakshadweep,ToR Granted,2026-03-05T09:16:59.131+00:00,2026-06-08T07:40:09.916+00:00,2000.0,0.0587,https://parivesh.nic.in/newupgrade/#/report/ec?proposalId=1220922215
state,31,Lakshadweep,recent_change,5,added,,IA/LD/INFRA2/571264/2026,"Development of Water Aerodrome at Kalpeni Island, UT of Lakshadweep",DEPARTMENT OF PORT SHIPPING AND AVIATION UT OF LAKSHADWEEP,Lakshadweep,ToR Granted,2026-03-05T05:15:20.565+00:00,2026-06-08T07:47:28.393+00:00,2000.0,0.0333,https://parivesh.nic.in/newupgrade/#/report/ec?proposalId=1220815854
state,31,Lakshadweep,recent_change,6,added,,IA/LD/INFRA2/540783/2026,"Development of Water Aerodrome at Kavaratti Island, Lakshadweep",DEPARTMENT OF PORT SHIPPING AND AVIATION UT OF LAKSHADWEEP,Lakshadweep,ToR Granted,2023-12-26T10:33:52.112+00:00,2026-06-08T08:05:44.137+00:00,2000.0,0.2,https://parivesh.nic.in/newupgrade/#/report/ec?proposalId=129568653
state,31,Lakshadweep,recent_change,7,added,,IA/LD/INFRA2/572037/2026,"Development of Water Aerodrome at Minicoy Island, Lakshadweep",DEPARTMENT OF PORT SHIPPING AND AVIATION UT OF LAKSHADWEEP,Lakshadweep,ToR Granted,2023-12-13T15:48:27.981+00:00,2026-06-08T07:52:50.016+00:00,2000.0,0.149,https://parivesh.nic.in/newupgrade/#/report/ec?proposalId=1221491432
state,32,Kerala,stat,,projects,2093,,,,,,,,,,
state,32,Kerala,stat,,active_projects,1735,,,,,,,,,,
state,32,Kerala,stat,,applications,1737,,,,,,,,,,
state,32,Kerala,stat,,ec_granted,656,,,,,,,,,,
state,32,Kerala,stat,,ec_pending,1059,,,,,,,,,,
state,32,Kerala,stat,,ec_rejected,63,,,,,,,,,,
state,32,Kerala,stat,,delisted_or_removed,358,,,,,,,,,,
state,32,Kerala,stat,,total_cost_lakhs,245415264.88,,,,,,,,,,
state,32,Kerala,stat,,cost_outliers_excluded,24,,,,,,,,,,
state,32,Kerala,stat,,total_land_ha,154105.4759,,,,,,,,,,
state,32,Kerala,stat,,latest_application,2025-11-14T14:48:15.429+00:00,,,,,,,,,,
state,32,Kerala,stat,,latest_grant,2025-10-15T13:57:21.670+00:00,,,,,,,,,,
state,32,Kerala,stat,,changes_added,0,,,,,,,,,,
state,32,Kerala,stat,,changes_removed,0,,,,,,,,,,
state,32,Kerala,stat,,changes_updated,0,,,,,,,,,,
state,32,Kerala,stat,,changes_status,0,,,,,,,,,,
state,32,Kerala,stat,,compared_with,2026-09-30T16:00:09+05:30,,,,,,,,,,
state,32,Kerala,status,,(none),416,,,,,,,,,,
state,32,Kerala,status,,EC Granted,377,,,,,,,,,,
state,32,Kerala,status,,DELISTED_BY_SYSTEM,336,,,,,,,,,,
state,32,Kerala,status,,Under Verification,171,,,,,,,,,,
state,32,Kerala,status,,Proposal Accepted and Referred to SEAC,88,,,,,,,,,,
state,32,Kerala,status,,Final Diversion Order Issued,78,,,,,,,,,,
state,32,Kerala,status,,Referred to SEAC,76,,,,,,,,,,
state,32,Kerala,status,,EC Rejected,63,,,,,,,,,,
state,32,Kerala,status,,EDS raised,44,,,,,,,,,,
state,32,Kerala,status,,TOR Granted,42,,,,,,,,,,
state,32,Kerala,status,,Under Examination,38,,,,,,,,,,
state,32,Kerala,status,,Referred to SEIAA,36,,,,,,,,,,
state,32,Kerala,status,,ToR Granted,33,,,,,,,,,,
state,32,Kerala,status,,Forwarded to USS,30,,,,,,,,,,
state,32,Kerala,status,,Standard ToR Granted,29,,,,,,,,,,
state,32,Kerala,status,,Pending at DFO for Scrutiny and Recommendation,28,,,,,,,,,,
state,32,Kerala,status,,Stage-II Accorded,24,,,,,,,,,,
state,32,Kerala,status,,REMOVED,22,,,,,,,,,,
state,32,Kerala,status,,ADS Raised,15,,,,,,,,,,
state,32,Kerala,status,,Pending at DFO for Compensatory Levies,11,,,,,,,,,,
state,32,Kerala,status,,Pending on UA for Compensatory Levies Payment,10,,,,,,,,,,
state,32,Kerala,status,,Pending at UA for CA Payment and Compliance Report,9,,,,,,,,,,
state,32,Kerala,status,,Pending at DFO due to EDS by Nodal Officer,8,,,,,,,,,,
state,32,Kerala,status,,Proposal pulled back (withdrawn),7,,,,,,,,,,
state,32,Kerala,status,,Pending at UA for Compensatory Levies Payment and Compliance Report,6,,,,,,,,,,
state,32,Kerala,status,,Under Examination with SCZMA,6,,,,,,,,,,
state,32,Kerala,status,,Forwarded to MS,5,,,,,,,,,,
state,32,Kerala,status,,Forwarded,5,,,,,,,,,,
state,32,Kerala,status,,REJECTED,4,,,,,,,,,,
state,32,Kerala,status,,Pending at UA due to EDS by DFO,4,,,,,,,,,,
state,32,Kerala,status,,Application Rejected,4,,,,,,,,,,
state,32,Kerala,status,,Withdrawal Request Accepted,4,,,,,,,,,,
state,32,Kerala,status,,Pending at Nodal Officer for Recommendation,4,,,,,,,,,,
state,32,Kerala,status,,Pending at MS for Acceptance in PSC-I,4,,,,,,,,,,
state,32,Kerala,status,,Forwarded to DD,4,,,,,,,,,,
state,32,Kerala,status,,Pending at UA due to EDS by MS after PSC-I,3,,,,,,,,,,
state,32,Kerala,status,,Pending at Nodal Officer due to EDS by State Secretary,3,,,,,,,,,,
state,32,Kerala,status,,Pending at DFO/CF/Nodal Officer after acceptance in PSC-I,3,,,,,,,,,,
state,32,Kerala,status,,Proposal returned in present form,3,,,,,,,,,,
state,32,Kerala,status,,CRZ Granted,3,,,,,,,,,,
state,32,Kerala,status,,Pending at UA for DFO EDS Reply,3,,,,,,,,,,
state,32,Kerala,status,,Pending at PP due to EDS by DFO,3,,,,,,,,,,
state,32,Kerala,status,,Accepted and Referred to SCZMA,3,,,,,,,,,,
state,32,Kerala,status,,Pending at Technical Officer IRO for Stage-II Letter,2,,,,,,,,,,
state,32,Kerala,status,,Pending at DFO For Compliance Review,2,,,,,,,,,,
state,32,Kerala,status,,Pending at Technical Officer - IRO,2,,,,,,,,,,
state,32,Kerala,status,,Pending at MS for Proposal Withdraw,2,,,,,,,,,,
state,32,Kerala,status,,Referred to EAC,2,,,,,,,,,,
state,32,Kerala,status,,Raised/Forwarded EDS to UA,1,,,,,,,,,,
state,32,Kerala,status,,TOR GRANTED,1,,,,,,,,,,
state,32,Kerala,status,,Forwarded to SO,1,,,,,,,,,,
state,32,Kerala,status,,Rejected by State Secretary,1,,,,,,,,,,
state,32,Kerala,status,,Pending at UA for Compliance Report,1,,,,,,,,,,
state,32,Kerala,status,,Proposal Withdrawal Request Accepted,1,,,,,,,,,,
state,32,Kerala,status,,EDS Raised,1,,,,,,,,,,
state,32,Kerala,status,,EDS_REPLIED,1,,,,,,,,,,
state,32,Kerala,status,,Under Examinitaion,1,,,,,,,,,,
state,32,Kerala,status,,GRANTED,1,,,,,,,,,,
state,32,Kerala,status,,Pending at DFO due to EDS by MS After PSC-II,1,,,,,,,,,,
state,32,Kerala,status,,Proposal Accepted and Referred to EAC,1,,,,,,,,,,
state,32,Kerala,status,,Pending at UA due to EDS by MS after PSC-II,1,,,,,,,,,,
state,32,Kerala,status,,Referred to SCZMA,1,,,,,,,,,,
state,32,Kerala,status,,Proposal Withdraw Request Accepted,1,,,,,,,,,,
state,32,Kerala,status,,Pending at Nodal for Compensatory Levies Review,1,,,,,,,,,,
state,32,Kerala,status,,Pending at State Secretary for Recommendation and In-Principle Approval (Stage-I),1,,,,,,,,,,
state,32,Kerala,status,,Approval Granted,1,,,,,,,,,,
state,32,Kerala,applications_by_year,,2022,175,,,,,,,,,,
state,32,Kerala,applications_by_year,,2023,560,,,,,,,,,,
state,32,Kerala,applications_by_year,,2024,527,,,,,,,,,,
state,32,Kerala,applications_by_year,,2025,475,,,,,,,,,,
state,32,Kerala,grants_by_year,,2023,115,,,,,,,,,,
state,32,Kerala,grants_by_year,,2024,336,,,,,,,,,,
state,32,Kerala,grants_by_year,,2025,205,,,,,,,,,,
state,32,Kerala,run,,run_status,ok,,,,,,,,,,
state,32,Kerala,run,,run_date,2026-09-30T04:58:08Z,,,,,,,,,,
state,32,Kerala,run,,run_url,,,,,,,,,,,
state,32,Kerala,top_recent_ec,1,,,IA/KL/INFRA2/532766/2025,Environmental Clearance for the Proposed I.T. Office Building Construction under QUAD Project to be developed by M/s Electronics Technology Parks – Kerala (fully owned by Government of Kerala).,ELECTRONICS TECHNOLOGY PARKS - KERALA,Thiruvananthapuram,EC Granted,2025-04-04T05:21:46.349+00:00,2025-10-15T13:57:21.670+00:00,38395.0,2.2516,https://parivesh.nic.in/newupgrade/#/report/ec?proposalId=124204708
state,32,Kerala,top_recent_ec,2,,,IA/KL/INFRA2/533395/2025,Environmental Clearance for proposed Residential project to be developed by M/s Spatium Ventures Pvt. Ltd.,spatium ventures private limited,Kozhikode,EC Granted,2025-04-09T08:20:22.803+00:00,2025-10-14T12:10:08.659+00:00,4933.0,0.5927,https://parivesh.nic.in/newupgrade/#/report/ec?proposalId=124531018
state,32,Kerala,top_recent_ec,3,,,IA/KL/INFRA2/531984/2025,Environmental Clearance for proposed Residential project to be developed by M/s Sree Dhanya Homes Pvt. Ltd.,SREEDHANYA HOMES PRIVATE LIMITED,Thiruvananthapuram,EC Granted,2025-03-29T09:29:57.837+00:00,2025-10-13T11:21:23.220+00:00,13118.05,0.7691,https://parivesh.nic.in/newupgrade/#/report/ec?proposalId=123860020
state,32,Kerala,top_recent_ec,4,,,IA/KL/INFRA2/527794/2025,Environment Clearance for proposed Residential project to be developed by M/s Sobha Contracting Pvt. Ltd.,SOBHA CONTRACTING PRIVATE LIMITED,Thiruvananthapuram,EC Granted,2025-03-05T12:18:49.388+00:00,2025-10-03T07:58:00.375+00:00,8545.0,0.8024,https://parivesh.nic.in/newupgrade/#/report/ec?proposalId=121695449
state,32,Kerala,top_recent_ec,5,,,IA/KL/INFRA2/527383/2025,"Environment Clearance for proposed Residential project to be developed by M/s Favourite Constructions Pvt. Ltd. at Kadakampalli Village, Thiruvananthapuram, Kerala",FAVOURITE CONSTRUCTIONS PVT. LTD.,Thiruvananthapuram,EC Granted,2025-03-04T05:31:14.069+00:00,2025-10-03T07:50:51.957+00:00,7109.0,0.6009,https://parivesh.nic.in/newupgrade/#/report/ec?proposalId=121529868
state,32,Kerala,top_recent_ec,6,,,IA/KL/INFRA2/514782/2024,Environment Clearance for proposed Residential project to be developed by M/s Veegaland Developers Pvt. Ltd.,VEEGALAND DEVELOPERS PRIVATE LIMITED,Thiruvananthapuram,EC Granted,2024-12-16T07:22:12.885+00:00,2025-10-03T07:34:54.321+00:00,10261.0,0.7144,https://parivesh.nic.in/newupgrade/#/report/ec?proposalId=114853921
state,32,Kerala,top_recent_ec,7,,,IA/KL/INFRA2/529550/2025,"Environmental Clearance for proposed Residential project to be developed by M/s Sreerosh Developers Pvt. Ltd. with a total built-up area of 34,502.12 sq.m.",SREEROSH DEVELOPERS PRIVATE LIMITED,Kannur,EC Granted,2025-03-15T07:40:21.137+00:00,2025-10-03T07:21:22.702+00:00,8500.0,0.8522,https://parivesh.nic.in/newupgrade/#/report/ec?proposalId=122449846
state,32,Kerala,top_recent_ec,8,,,IA/KL/INFRA2/529516/2025,"Environmental Clearance for proposed Residential project to be developed by M/s Favourite Constructions Pvt. Ltd. at Pallipuram Village, Andoorkonam Grama Panchayat, , Thiruvananthapuram, Kerala",FAVOURITE CONSTRUCTIONS PVT. LTD.,Thiruvananthapuram,EC Granted,2025-03-15T04:19:31.083+00:00,2025-10-03T06:44:49.553+00:00,6167.86,0.4891,https://parivesh.nic.in/newupgrade/#/report/ec?proposalId=122437064
state,32,Kerala,top_recent_ec,9,,,FP/KL/TRANS/441539/2023,"Providing Electricity Connection at Memala-Pothenthode area, Mangalamdam",KSEB LTD,Palakkad,Final Diversion Order Issued,2023-08-23T14:54:54.475+00:00,2025-10-03T05:01:59.144+00:00,15.0,0.9331,https://parivesh.nic.in/newupgrade/#/report/ec?proposalId=8243713
state,32,Kerala,top_recent_ec,10,,,FP/KL/RainHarvest/433966/2023,JJM – WSS TO DEVIKULAM-CHINNAKANAL  PANCHAYATH IN IDUKKI DISTRICT,KERALA WATER AUTHORITY,Idukki,Final Diversion Order Issued,2023-06-20T05:38:03.349+00:00,2025-07-26T12:13:21.276+00:00,2332.0,0.1168,https://parivesh.nic.in/newupgrade/#/report/ec?proposalId=6217653
state,32,Kerala,top_cost,1,,,SIA/KL/INFRA2/447418/2023,M/s Kent construction Pvt. Ltd.,KENT CONSTRUCTIONS PVT LTD,Ernakulam,Referred to SEIAA,2023-10-07T10:47:54.629+00:00,,8250000.0,1.1729,https://parivesh.nic.in/newupgrade/#/report/ec?proposalId=15286187
state,32,Kerala,top_cost,2,,,SIA/KL/INFRA2/456451/2024,M/s Kent construction Pvt. Ltd.,KENT CONSTRUCTIONS PVT LTD,Ernakulam,,2023-12-22T10:48:05.826+00:00,,8250000.0,1.1729,https://parivesh.nic.in/newupgrade/#/report/ec?proposalId=33145498
state,32,Kerala,top_cost,3,,,SIA/KL/MIN/491628/2024,Building Stone Quarry of Sri.Manoj.K,Kuzhikkadan manoj,Malappuram,EC Rejected,2024-08-07T08:47:14.029+00:00,2025-02-25T07:19:55.007+00:00,8227952.0,0.6565,https://parivesh.nic.in/newupgrade/#/report/ec?proposalId=91289513
state,32,Kerala,top_cost,4,,,FP/KL/CommPost/418422/2023,USOF SATURATION PROJECT-VELAMPLAV PATHANAMTHITTA,BHARAT SANCHAR NIGAM LIMITED,Pathanamthitta,Pending at UA for Compensatory Levies Payment and Compliance Report,2023-02-15T08:43:08.402+00:00,,7500000.0,0.02,https://parivesh.nic.in/newupgrade/#/report/ec?proposalId=3081440
state,32,Kerala,top_cost,5,,,FP/KL/CommPost/427475/2023,USOF SATURATION PROJECT -KAKKI STN PATHANAMTHITTA,BHARAT SANCHAR NIGAM LIMITED,Pathanamthitta,Stage-II Accorded,2023-04-28T07:04:19.844+00:00,,7500000.0,0.02,https://parivesh.nic.in/newupgrade/#/report/ec?proposalId=4925792
state,32,Kerala,top_cost,6,,,WL/KL/SRY/524850/2025,Telecom Project,safeel kp,Kodagu,,2025-02-19T18:21:32.724+00:00,,6500000.0,0.65,https://parivesh.nic.in/newupgrade/#/report/ec?proposalId=120504917
state,32,Kerala,top_cost,7,,,SIA/KL/MIN/401155/2022,Grnaite Building Stone Quarry Project of Mr. J. Madhusoodhanan,MADHUSOODHANAN JAYASEELAN,THIRUVANANTHAPURAM,,2022-09-23T07:30:34.368+00:00,,6215000.0,2.1449,https://parivesh.nic.in/newupgrade/#/report/ec?proposalId=866613
state,32,Kerala,top_cost,8,,,WL/KL/MIN/QRY/406782/2022,BUILDING STONE QUARRY OF MR. K C KRISHNAN,BUILDING STONE QUARRY OF MR. K C KRISHNAN,Kozhikode,,2022-11-17T04:19:03.484+00:00,,6000000.0,0.6199,https://parivesh.nic.in/newupgrade/#/report/ec?proposalId=1575115
state,32,Kerala,top_cost,9,,,FP/KL/SRY/437588/2023,"DRIP Phase II - Rehabilitation and improvement basic facilities of Kallada Irrigation Project-Turfing on D/S of saddle dam, Repairs to culvert and bridges at main entrance of the dam and KSEB junction, construction of compound wall with gate and fencing at IB compound, strengthening of hoisting pillars and beam at dam top, survey of reservoirs submergence area",Department of Irrigation,Kollam,Pending at DFO/CF/Nodal Officer after acceptance in PSC-I,2023-07-21T07:29:33.783+00:00,,5457080.0,3179.0,https://parivesh.nic.in/newupgrade/#/report/ec?proposalId=6989526
state,32,Kerala,top_cost,10,,,WL/KL/SRY/438096/2023,"DRIP Phase II - Rehabilitation and improvement basic facilities of Kallada Irrigation Project-Turfing on D/S of saddle dam, Repairs to culvert and bridges at main entrance of the dam and KSEB junction, construction of compound wall with gate and fencing at IB compound, strengthening of hoisting pillars and beam at dam top, survey of reservoirs submergence area",Department of Irrigation,Kollam,,2023-07-26T06:42:42.671+00:00,,5457080.0,3179.0,https://parivesh.nic.in/newupgrade/#/report/ec?proposalId=7105518
state,32,Kerala,top_land,1,,,SIA/KL/INFRA2/469934/2024,"Proposed Scientific Landfill for KSWMP at Ambalamedu,Ernakulam District, Kerala State",subodh,Ernakulam,ToR Granted,2024-04-19T06:04:22.207+00:00,2024-08-08T10:20:40.132+00:00,30000.0,101171.4,https://parivesh.nic.in/newupgrade/#/report/ec?proposalId=61853990
state,32,Kerala,top_land,2,,,WL/KL/ROAD/455365/2023,Proposed Expansion of Existing Administrative Bank Office Building,THE SOUTH INDIAN BANK LTD.,Ernakulam,,2023-12-13T06:53:46.271+00:00,,12995.0,9117.57,https://parivesh.nic.in/newupgrade/#/report/ec?proposalId=31488271
state,32,Kerala,top_land,3,,,SIA/KL/MIN/498011/2024,laterite Building Stone Quarry of SHARAFUDHEEN S V,sharafudheen s v,Kannur,Referred to SEAC,2024-09-24T04:37:52.835+00:00,,2346250.0,8731.0,https://parivesh.nic.in/newupgrade/#/report/ec?proposalId=105190654
state,32,Kerala,top_land,4,,,FP/KL/NONMIND/547248/2025,"Lease Renewal of Kerala Forest Development Corporation,s Forest Plantations",kerala forest development corporation ltd,Thrissur,Pending at DFO/CF/Nodal Officer after acceptance in PSC-I,2025-08-06T08:56:40.606+00:00,,51417502.0,7748.441,https://parivesh.nic.in/newupgrade/#/report/ec?proposalId=133531926
state,32,Kerala,top_land,5,,,FP/KL/SRY/437588/2023,"DRIP Phase II - Rehabilitation and improvement basic facilities of Kallada Irrigation Project-Turfing on D/S of saddle dam, Repairs to culvert and bridges at main entrance of the dam and KSEB junction, construction of compound wall with gate and fencing at IB compound, strengthening of hoisting pillars and beam at dam top, survey of reservoirs submergence area",Department of Irrigation,Kollam,Pending at DFO/CF/Nodal Officer after acceptance in PSC-I,2023-07-21T07:29:33.783+00:00,,5457080.0,3179.0,https://parivesh.nic.in/newupgrade/#/report/ec?proposalId=6989526
state,32,Kerala,top_land,6,,,WL/KL/SRY/438096/2023,"DRIP Phase II - Rehabilitation and improvement basic facilities of Kallada Irrigation Project-Turfing on D/S of saddle dam, Repairs to culvert and bridges at main entrance of the dam and KSEB junction, construction of compound wall with gate and fencing at IB compound, strengthening of hoisting pillars and beam at dam top, survey of reservoirs submergence area",Department of Irrigation,Kollam,,2023-07-26T06:42:42.671+00:00,,5457080.0,3179.0,https://parivesh.nic.in/newupgrade/#/report/ec?proposalId=7105518
state,32,Kerala,top_land,7,,,IA/KL/INFRA2/424819/2023,"Development of Greenfield Sabarimala Airport in Erumely in Kottayam District, Kerala",KERALA STATE INDUSTRIAL DEVELOPMENT CORPORATION LIMITED,Kottayam,ToR Granted,2023-04-04T12:04:33.176+00:00,2023-07-28T05:36:41.338+00:00,3411.0,1039.876,https://parivesh.nic.in/newupgrade/#/report/ec?proposalId=4415894
state,32,Kerala,top_land,8,,,IA/KL/INFRA1/427708/2023,"Development of 4/6 lane Thiruvananthapuram-Kottarakara-Kottayam-Angamaly (Green Field) Highway starting from village Koduvazhannoor, Design Ch.0+000 and ends near Angamaly village, Design Ch. 205+120 in Ernakulum district in the state of Kerala, under NHAI. Total Length 205.12 Km",National Highways Authority of India,Kottayam,ToR Granted,2023-05-01T09:17:41.014+00:00,2023-09-01T10:45:43.225+00:00,1942848.0,951.04,https://parivesh.nic.in/newupgrade/#/report/ec?proposalId=4995322
state,32,Kerala,top_land,9,,,WL/KL/DeReservation/490231/2024,Proposal for De-notification of the Boundary of Thattekkad Bird Sanctuary by excluding the inhabited area and by Adding and exempting new area from Munnar Forest Division,"Asst.Wildlife Warden, Thattekkad Bird Sanctuary",Ernakulam,,2024-07-29T10:52:59.217+00:00,,0.0,897.25,https://parivesh.nic.in/newupgrade/#/report/ec?proposalId=88601901
state,32,Kerala,top_land,10,,,WL/KL/ROAD/401933/2022,4/6 Lanning of Palakkad - Kozhikode of NH-966(Greenfield) from Km.0.000 to Km.121.006 (Total length 121.006Km) in the state of Kerala under Bharatmala Parajoya,National Highways Authority of India,MALAPPURAM,,2022-09-30T11:11:39.956+00:00,,1081440.0,572.67,https://parivesh.nic.in/newupgrade/#/report/ec?proposalId=988242
state,33,Tamil Nadu,stat,,projects,0,,,,,,,,,,
state,33,Tamil Nadu,stat,,active_projects,0,,,,,,,,,,
state,33,Tamil Nadu,stat,,applications,0,,,,,,,,,,
state,33,Tamil Nadu,stat,,ec_granted,0,,,,,,,,,,
state,33,Tamil Nadu,stat,,ec_pending,0,,,,,,,,,,
state,33,Tamil Nadu,stat,,ec_rejected,0,,,,,,,,,,
state,33,Tamil Nadu,stat,,delisted_or_removed,0,,,,,,,,,,
state,33,Tamil Nadu,stat,,total_cost_lakhs,0,,,,,,,,,,
state,33,Tamil Nadu,stat,,cost_outliers_excluded,0,,,,,,,,,,
state,33,Tamil Nadu,stat,,total_land_ha,0,,,,,,,,,,
state,33,Tamil Nadu,stat,,latest_application,,,,,,,,,,,
state,33,Tamil Nadu,stat,,latest_grant,,,,,,,,,,,
state,33,Tamil Nadu,stat,,changes_added,0,,,,,,,,,,
state,33,Tamil Nadu,stat,,changes_removed,0,,,,,,,,,,
state,33,Tamil Nadu,stat,,changes_updated,0,,,,,,,,,,
state,33,Tamil Nadu,stat,,changes_status,0,,,,,,,,,,
state,33,Tamil Nadu,stat,,compared_with,,,,,,,,,,,
state,33,Tamil Nadu,run,,run_status,not_run,,,,,,,,,,
state,33,Tamil Nadu,run,,run_date,,,,,,,,,,,
state,33,Tamil Nadu,run,,run_url,,,,,,,,,,,
state,34,Puducherry,stat,,projects,115,,,,,,,,,,
state,34,Puducherry,stat,,active_projects,87,,,,,,,,,,
state,34,Puducherry,stat,,applications,87,,,,,,,,,,
state,34,Puducherry,stat,,ec_granted,28,,,,,,,,,,
state,34,Puducherry,stat,,ec_pending,58,,,,,,,,,,
state,34,Puducherry,stat,,ec_rejected,0,,,,,,,,,,
state,34,Puducherry,stat,,delisted_or_removed,28,,,,,,,,,,
state,34,Puducherry,stat,,total_cost_lakhs,107167808.61,,,,,,,,,,
state,34,Puducherry,stat,,cost_outliers_excluded,6,,,,,,,,,,
state,34,Puducherry,stat,,total_land_ha,1992.4498,,,,,,,,,,
state,34,Puducherry,stat,,latest_application,2025-07-28T11:57:15.718+00:00,,,,,,,,,,
state,34,Puducherry,stat,,latest_grant,2025-07-26T13:07:55.212+00:00,,,,,,,,,,
state,34,Puducherry,stat,,changes_added,0,,,,,,,,,,
state,34,Puducherry,stat,,changes_removed,0,,,,,,,,,,
state,34,Puducherry,stat,,changes_updated,0,,,,,,,,,,
state,34,Puducherry,stat,,changes_status,0,,,,,,,,,,
state,34,Puducherry,stat,,compared_with,,,,,,,,,,,
state,34,Puducherry,status,,DELISTED_BY_SYSTEM,28,,,,,,,,,,
state,34,Puducherry,status,,Under Examination with SCZMA,17,,,,,,,,,,
state,34,Puducherry,status,,(none),16,,,,,,,,,,
state,34,Puducherry,status,,Referred to SCZMA,13,,,,,,,,,,
state,34,Puducherry,status,,EC Granted,7,,,,,,,,,,
state,34,Puducherry,status,,Standard ToR Granted,7,,,,,,,,,,
state,34,Puducherry,status,,Recommend to Town Planner Authority,7,,,,,,,,,,
state,34,Puducherry,status,,CRZ Granted,5,,,,,,,,,,
state,34,Puducherry,status,,ToR Granted,4,,,,,,,,,,
state,34,Puducherry,status,,TOR GRANTED,3,,,,,,,,,,
state,34,Puducherry,status,,Withdrawal Request Accepted,2,,,,,,,,,,
state,34,Puducherry,status,,ADS Raised,1,,,,,,,,,,
state,34,Puducherry,status,,Referred to SEIAA,1,,,,,,,,,,
state,34,Puducherry,status,,Proposal returned in present form,1,,,,,,,,,,
state,34,Puducherry,status,,Raised/Forwarded EDS to UA,1,,,,,,,,,,
state,34,Puducherry,status,,Pending at DFO for Scrutiny and Recommendation,1,,,,,,,,,,
state,34,Puducherry,status,,EDS raised,1,,,,,,,,,,
state,34,Puducherry,applications_by_year,,2022,7,,,,,,,,,,
state,34,Puducherry,applications_by_year,,2023,21,,,,,,,,,,
state,34,Puducherry,applications_by_year,,2024,33,,,,,,,,,,
state,34,Puducherry,applications_by_year,,2025,26,,,,,,,,,,
state,34,Puducherry,grants_by_year,,2022,1,,,,,,,,,,
state,34,Puducherry,grants_by_year,,2023,8,,,,,,,,,,
state,34,Puducherry,grants_by_year,,2024,9,,,,,,,,,,
state,34,Puducherry,grants_by_year,,2025,10,,,,,,,,,,
state,34,Puducherry,run,,run_status,ok,,,,,,,,,,
state,34,Puducherry,run,,run_date,2026-09-30T04:58:08Z,,,,,,,,,,
state,34,Puducherry,run,,run_url,,,,,,,,,,,
state,34,Puducherry,top_recent_ec,1,,,IA/PY/CRZ/504431/2024,"6 MLD desalination plant along with associated sea water intake and outfall system at RS no. 206, Village Melavanjore, T.R. Pattinam, Karaikal, Puducherry UT by M/s. Chemplast Sanmar Limited", CHEMPLAST SANMAR LIMITED,Karaikal,CRZ Granted,2024-11-06T09:57:30.403+00:00,2025-07-26T13:07:55.212+00:00,13000.0,2.3022,https://parivesh.nic.in/newupgrade/#/report/ec?proposalId=110939289
state,34,Puducherry,top_recent_ec,2,,,IA/PY/IND2/538306/2025,Proposed Ethylene Dichloride (EDC) Manufacturing Unit , CHEMPLAST SANMAR LIMITED,Karaikal,EC Granted,2025-05-20T06:08:58.856+00:00,2025-07-05T14:35:59.214+00:00,80000.0,13.3146,https://parivesh.nic.in/newupgrade/#/report/ec?proposalId=127384892
state,34,Puducherry,top_recent_ec,3,,,IA/PY/IND3/529760/2025,Proposed Difluoromethane (R-32) Manufacturing Unit, CHEMPLAST SANMAR LIMITED,Karaikal,EC Granted,2025-03-17T06:53:26.794+00:00,2025-06-18T16:38:04.170+00:00,80000.0,13.3146,https://parivesh.nic.in/newupgrade/#/report/ec?proposalId=122517439
state,34,Puducherry,top_recent_ec,4,,,IA/PY/CRZ/483454/2024,Proposed construction of two storeyed commercial (Guest Rooms - 18 Nos) Building with Stilt Floor.,FRANCIS JOSEPH ANAND ANTOOINE,Puducherry,CRZ Granted,2024-06-24T10:36:09.779+00:00,2025-05-31T06:51:59.912+00:00,64373109.0,0.0548,https://parivesh.nic.in/newupgrade/#/report/ec?proposalId=78241217
state,34,Puducherry,top_recent_ec,5,,,SIA/PY/INFRA2/535101/2025,“PROPOSED ADDITIONAL CONSTRUCTION OF NEW BUILDINGS TO THE EXISTING BUILDINGS OF INDUSTRIAL BUILDINGS” IN THE NAME OF M/S. MRF LIMITED  ,M/S MRF LTD.,Puducherry,Standard ToR Granted,2025-04-24T05:18:56.230+00:00,2025-05-08T05:21:07.589+00:00,281852.0,31.12,https://parivesh.nic.in/newupgrade/#/report/ec?proposalId=125493663
state,34,Puducherry,top_recent_ec,6,,,IA/PY/CRZ/488656/2024," Proposed 5 MLD Sea water (SWRO) Desalination Plant and laying of sea water intake and outfall pipeline. Product water pipeline (8 km) from Desalination plant to Caustic plant of Chemfab Alkalis Karaikal Limited, PIPDIC, Pologam Karaikal", CHEMFAB ALKALIS KARAIKAL LIMITED,Karaikal,CRZ Granted,2024-07-19T04:42:27.904+00:00,2025-04-17T07:47:57.902+00:00,3500.0,1.63,https://parivesh.nic.in/newupgrade/#/report/ec?proposalId=85658029
state,34,Puducherry,top_recent_ec,7,,,IA/PY/CRZ/484403/2024,Proposed renovation of existing building and additional construction of hotel building (6-Rooms & Swimming pool) for M/s. Ethereal Hospitality,ethereal hospitality llp,Puducherry,CRZ Granted,2024-06-27T14:02:08.295+00:00,2025-04-17T06:59:38.199+00:00,9049468.0,9.29,https://parivesh.nic.in/newupgrade/#/report/ec?proposalId=79231676
state,34,Puducherry,top_recent_ec,8,,,IA/PY/CRZ/486479/2024,Proposed construction of two storeyed residential building (1- Dwelling Unit & Office) with stilt floor ,arivazhagan,Puducherry,CRZ Granted,2024-07-08T04:58:19.619+00:00,2025-04-17T06:33:49.419+00:00,6061000.0,0.02,https://parivesh.nic.in/newupgrade/#/report/ec?proposalId=82400365
state,34,Puducherry,top_recent_ec,9,,,IA/PY/IND2/518048/2025,Proposed Ethylene Dichloride (EDC) Manufacturing Unit , CHEMPLAST SANMAR LIMITED,Karaikal,Standard ToR Granted,2025-01-10T10:24:22.636+00:00,2025-01-22T07:34:07.022+00:00,80000.0,13.3146,https://parivesh.nic.in/newupgrade/#/report/ec?proposalId=117283558
state,34,Puducherry,top_recent_ec,10,,,IA/PY/IND3/518091/2025,Proposed Difluoromethane (R-32) Manufacturing Unit, CHEMPLAST SANMAR LIMITED,Karaikal,Standard ToR Granted,2025-01-10T12:37:45.363+00:00,2025-01-17T03:09:10.635+00:00,80000.0,13.3146,https://parivesh.nic.in/newupgrade/#/report/ec?proposalId=117311571
state,34,Puducherry,top_cost,1,,,IA/PY/CRZ/469767/2024,Proposed construction of four storied residential building (4-dwelling  units) with stilt floor ,dhritin tyagi,Puducherry,Recommend to Town Planner Authority,2024-04-18T05:13:23.943+00:00,,9521000.0,0.016,https://parivesh.nic.in/newupgrade/#/report/ec?proposalId=61493197
state,34,Puducherry,top_cost,2,,,IA/PY/CRZ/505879/2024,Proposed Two Storeyed Commercial Building,Sujee a,Puducherry,Referred to SCZMA,2024-11-14T13:22:31.728+00:00,,9384000.0,0.011,https://parivesh.nic.in/newupgrade/#/report/ec?proposalId=111549543
state,34,Puducherry,top_cost,3,,,IA/PY/CRZ/484403/2024,Proposed renovation of existing building and additional construction of hotel building (6-Rooms & Swimming pool) for M/s. Ethereal Hospitality,ethereal hospitality llp,Puducherry,CRZ Granted,2024-06-27T14:02:08.295+00:00,2025-04-17T06:59:38.199+00:00,9049468.0,9.29,https://parivesh.nic.in/newupgrade/#/report/ec?proposalId=79231676
state,34,Puducherry,top_cost,4,,,IA/PY/CRZ/463560/2024,Proposed construction of two storied residential building (1-dwelling  unit) with stilt floor after demolishing the existing building,ARUNAGIRY SASSICOUMARY,Puducherry,Recommend to Town Planner Authority,2024-02-21T06:30:00.388+00:00,,7420810.0,0.0085,https://parivesh.nic.in/newupgrade/#/report/ec?proposalId=48521970
state,34,Puducherry,top_cost,5,,,IA/PY/CRZ/546299/2025,Proposed Construction of Two Storeyed Residential Building with stilt floor (2 Dwelling units) ,saranesh,Puducherry,Under Examination with SCZMA,2025-07-28T11:57:15.718+00:00,,7000000.0,0.011,https://parivesh.nic.in/newupgrade/#/report/ec?proposalId=132945439
state,34,Puducherry,top_cost,6,,,IA/PY/CRZ/499949/2024,"Proposed construction of Two Storeyed (G+1) Residential Building (Dwelling Unit- 2Nos) At Plot No.184, R.S.No. 186pt,Thirummaal Beach Land ,Narambai  Village, Pillaiyarkuppam Revenue Village, Bahour Commune Panchayat, Puducherry.",SENTHILKUMAR V,Puducherry,Referred to SCZMA,2024-10-05T15:10:47.557+00:00,,6949278.0,0.022,https://parivesh.nic.in/newupgrade/#/report/ec?proposalId=108507100
state,34,Puducherry,top_cost,7,,,IA/PY/CRZ/487990/2024,Proposed construction of two storeyed Commercial building with stilt floor (1O-Guest Rooms),arivazhagan,Puducherry,Under Examination with SCZMA,2024-07-15T12:54:30.735+00:00,,6061000.0,0.021,https://parivesh.nic.in/newupgrade/#/report/ec?proposalId=84512921
state,34,Puducherry,top_cost,8,,,IA/PY/CRZ/486479/2024,Proposed construction of two storeyed residential building (1- Dwelling Unit & Office) with stilt floor ,arivazhagan,Puducherry,CRZ Granted,2024-07-08T04:58:19.619+00:00,2025-04-17T06:33:49.419+00:00,6061000.0,0.02,https://parivesh.nic.in/newupgrade/#/report/ec?proposalId=82400365
state,34,Puducherry,top_cost,9,,,IA/PY/CRZ/491336/2024,Proposed construction of a Two Storeyed Residential (1-Dwelling Unit) Building ,alexandar,Puducherry,Referred to SCZMA,2024-08-05T13:58:42.522+00:00,,5437800.0,0.02,https://parivesh.nic.in/newupgrade/#/report/ec?proposalId=90709419
state,34,Puducherry,top_cost,10,,,IA/PY/CRZ/536924/2025,Proposed Construction of Two storeyed Residential (1 Dwelling unit) Building After Demolishing the Existing Ground floor AC Sheet & RCC (Toilet) Building. ,m agelia,Puducherry,Under Examination with SCZMA,2025-05-08T13:21:56.098+00:00,,4900000.0,0.011,https://parivesh.nic.in/newupgrade/#/report/ec?proposalId=126543263
state,34,Puducherry,top_land,1,,,IA/PY/CRZ/468733/2024,Proposed construction of two storey residential building, DHEENADAYALAN,Puducherry,Referred to SCZMA,2024-04-08T10:22:38.597+00:00,,3417000.0,968.0,https://parivesh.nic.in/newupgrade/#/report/ec?proposalId=59685948
state,34,Puducherry,top_land,2,,,IA/PY/INFRA1/500606/2024,"Master Plan of Karaikal Port, Vanjore village, Karaikal district, Puducherry ",karaikal port private limited,Karaikal,ToR Granted,2024-10-10T11:15:36.294+00:00,2024-12-16T05:44:49.088+00:00,2225283.75,243.0,https://parivesh.nic.in/newupgrade/#/report/ec?proposalId=109492876
state,34,Puducherry,top_land,3,,,SIA/PY/INFRA2/450572/2023,Proposed expansion and modifications in existing premises of Jawaharlal Institute of Postgraduate Medical Education and Research (JIPMER),KARIYARATH PREMARAJAN,Puducherry,,2023-10-28T11:50:32.077+00:00,,167426.24,77.76,https://parivesh.nic.in/newupgrade/#/report/ec?proposalId=20361061
state,34,Puducherry,top_land,4,,,SIA/PY/INFRA2/450521/2023,Proposed expansion and modifications in existing premises of Jawaharlal Institute of Postgraduate Medical Education and Research (JIPMER),KARIYARATH PREMARAJAN,Puducherry,,2023-10-28T07:24:37.135+00:00,,167426.24,77.76,https://parivesh.nic.in/newupgrade/#/report/ec?proposalId=20349941
state,34,Puducherry,top_land,5,,,SIA/PY/INFRA2/441931/2023,Proposed expansion and modifications in existing premises of Jawaharlal Institute of Postgraduate Medical Education and Research (JIPMER),KARIYARATH PREMARAJAN,Puducherry,,2023-08-26T07:23:50.191+00:00,,167426.24,77.76,https://parivesh.nic.in/newupgrade/#/report/ec?proposalId=8734661
state,34,Puducherry,top_land,6,,,WL/PY/INFRA/436474/2023,“Proposed expansion and modifications in existing premises of Jawaharlal Institute of Postgraduate Medical Education and Research (JIPMER)” ,JIPMER,Puducherry,,2023-07-12T09:53:13.545+00:00,,165355.24,77.76,https://parivesh.nic.in/newupgrade/#/report/ec?proposalId=6736129
state,34,Puducherry,top_land,7,,,WL/PY/INFRA/432124/2023,“Proposed Expansion and Modification in Existing Premises”,JIPMER,Puducherry,,2023-06-03T09:48:12.695+00:00,,139406.35,77.726,https://parivesh.nic.in/newupgrade/#/report/ec?proposalId=5857760
state,34,Puducherry,top_land,8,,,IA/PY/CRZ/536277/2025,"Coastal Protection Measures on sea erosion for Chinnakalapet, Periyakalapet, Pillaichavady, Pillaichavady North, Ganapathychettikulam in Puducherry", OFFICE OF THE EXECUTIVE ENGINEER IRRIGATION DIVISION PWD,Puducherry,Under Examination with SCZMA,2025-05-03T06:37:36.883+00:00,,3307.0,37.5,https://parivesh.nic.in/newupgrade/#/report/ec?proposalId=126175692
state,34,Puducherry,top_land,9,,,SIA/PY/INFRA2/542030/2025,“PROPOSED ADDITIONAL CONSTRUCTION OF NEW BUILDINGS TO THE EXISTING BUILDINGS OF INDUSTRIAL BUILDINGS” IN THE NAME OF M/S. MRF LIMITED  ,M/S MRF LTD.,Puducherry,ADS Raised,2025-06-19T07:10:06.603+00:00,,281852.0,31.12,https://parivesh.nic.in/newupgrade/#/report/ec?proposalId=130278289
state,34,Puducherry,top_land,10,,,SIA/PY/INFRA2/535101/2025,“PROPOSED ADDITIONAL CONSTRUCTION OF NEW BUILDINGS TO THE EXISTING BUILDINGS OF INDUSTRIAL BUILDINGS” IN THE NAME OF M/S. MRF LIMITED  ,M/S MRF LTD.,Puducherry,Standard ToR Granted,2025-04-24T05:18:56.230+00:00,2025-05-08T05:21:07.589+00:00,281852.0,31.12,https://parivesh.nic.in/newupgrade/#/report/ec?proposalId=125493663
state,35,Andaman And Nicobar Islands,stat,,projects,135,,,,,,,,,,
state,35,Andaman And Nicobar Islands,stat,,active_projects,99,,,,,,,,,,
state,35,Andaman And Nicobar Islands,stat,,applications,99,,,,,,,,,,
state,35,Andaman And Nicobar Islands,stat,,ec_granted,41,,,,,,,,,,
state,35,Andaman And Nicobar Islands,stat,,ec_pending,57,,,,,,,,,,
state,35,Andaman And Nicobar Islands,stat,,ec_rejected,0,,,,,,,,,,
state,35,Andaman And Nicobar Islands,stat,,delisted_or_removed,36,,,,,,,,,,
state,35,Andaman And Nicobar Islands,stat,,total_cost_lakhs,73144569.29,,,,,,,,,,
state,35,Andaman And Nicobar Islands,stat,,cost_outliers_excluded,0,,,,,,,,,,
state,35,Andaman And Nicobar Islands,stat,,total_land_ha,3950460.2151,,,,,,,,,,
state,35,Andaman And Nicobar Islands,stat,,latest_application,2026-05-02T06:03:30.257+00:00,,,,,,,,,,
state,35,Andaman And Nicobar Islands,stat,,latest_grant,2025-08-14T12:18:46.425+00:00,,,,,,,,,,
state,35,Andaman And Nicobar Islands,stat,,changes_added,0,,,,,,,,,,
state,35,Andaman And Nicobar Islands,stat,,changes_removed,0,,,,,,,,,,
state,35,Andaman And Nicobar Islands,stat,,changes_updated,0,,,,,,,,,,
state,35,Andaman And Nicobar Islands,stat,,changes_status,0,,,,,,,,,,
state,35,Andaman And Nicobar Islands,stat,,compared_with,2026-09-30T16:00:09+05:30,,,,,,,,,,
state,35,Andaman And Nicobar Islands,status,,Final Diversion Order Issued,27,,,,,,,,,,
state,35,Andaman And Nicobar Islands,status,,DELISTED_BY_SYSTEM,21,,,,,,,,,,
state,35,Andaman And Nicobar Islands,status,,REMOVED,15,,,,,,,,,,
state,35,Andaman And Nicobar Islands,status,,EC Granted,13,,,,,,,,,,
state,35,Andaman And Nicobar Islands,status,,Under Examination with SCZMA,8,,,,,,,,,,
state,35,Andaman And Nicobar Islands,status,,(none),6,,,,,,,,,,
state,35,Andaman And Nicobar Islands,status,,Delisted,5,,,,,,,,,,
state,35,Andaman And Nicobar Islands,status,,Pending at DFO for Scrutiny and Recommendation,4,,,,,,,,,,
state,35,Andaman And Nicobar Islands,status,,ADS Raised,4,,,,,,,,,,
state,35,Andaman And Nicobar Islands,status,,CRZ Granted,3,,,,,,,,,,
state,35,Andaman And Nicobar Islands,status,,ADS Raised to SCZMA,3,,,,,,,,,,
state,35,Andaman And Nicobar Islands,status,,Approval Granted,3,,,,,,,,,,
state,35,Andaman And Nicobar Islands,status,,Pending on UA for Compensatory Levies Payment,2,,,,,,,,,,
state,35,Andaman And Nicobar Islands,status,,Pending at CF for Compliance Review,2,,,,,,,,,,
state,35,Andaman And Nicobar Islands,status,,Accepted and Referred to SCZMA,2,,,,,,,,,,
state,35,Andaman And Nicobar Islands,status,,Raised/Forwarded EDS to UA,2,,,,,,,,,,
state,35,Andaman And Nicobar Islands,status,,Pending at UA for DFO EDS Reply,2,,,,,,,,,,
state,35,Andaman And Nicobar Islands,status,,Under Verification,2,,,,,,,,,,
state,35,Andaman And Nicobar Islands,status,,EDS Raised,2,,,,,,,,,,
state,35,Andaman And Nicobar Islands,status,,Pending at MS for Acceptance in PSC-I,1,,,,,,,,,,
state,35,Andaman And Nicobar Islands,status,,EDS raised,1,,,,,,,,,,
state,35,Andaman And Nicobar Islands,status,,Query Raised,1,,,,,,,,,,
state,35,Andaman And Nicobar Islands,status,,Proposal Withdrawal Request Accepted,1,,,,,,,,,,
state,35,Andaman And Nicobar Islands,status,,Proposal Forwarded to SCZMA,1,,,,,,,,,,
state,35,Andaman And Nicobar Islands,status,,Pending at DFO due to EDS by Nodal Officer,1,,,,,,,,,,
state,35,Andaman And Nicobar Islands,status,,Proposal pulled back (withdrawn),1,,,,,,,,,,
state,35,Andaman And Nicobar Islands,status,,Pending at UA due to EDS by MS after PSC-I,1,,,,,,,,,,
state,35,Andaman And Nicobar Islands,status,,Pending at UA due to EDS raised by DFO,1,,,,,,,,,,
state,35,Andaman And Nicobar Islands,applications_by_year,,2022,6,,,,,,,,,,
state,35,Andaman And Nicobar Islands,applications_by_year,,2023,29,,,,,,,,,,
state,35,Andaman And Nicobar Islands,applications_by_year,,2024,29,,,,,,,,,,
state,35,Andaman And Nicobar Islands,applications_by_year,,2025,22,,,,,,,,,,
state,35,Andaman And Nicobar Islands,applications_by_year,,2026,13,,,,,,,,,,
state,35,Andaman And Nicobar Islands,grants_by_year,,2023,17,,,,,,,,,,
state,35,Andaman And Nicobar Islands,grants_by_year,,2024,16,,,,,,,,,,
state,35,Andaman And Nicobar Islands,grants_by_year,,2025,8,,,,,,,,,,
state,35,Andaman And Nicobar Islands,run,,run_status,ok,,,,,,,,,,
state,35,Andaman And Nicobar Islands,run,,run_date,2026-09-30T04:58:08Z,,,,,,,,,,
state,35,Andaman And Nicobar Islands,run,,run_url,,,,,,,,,,,
state,35,Andaman And Nicobar Islands,top_recent_ec,1,,,IA/AN/CRZ/460793/2024,"Re-construction of 15 meter high RCC Lighthouse tower with allied facilities like Paver block pathway, technical building, compound wall along the periphery of campus consisting of existing 3.5 meter high Lighthouse structure, chain link fencing, RCC pedestal for antenna in Rutland Island",DIRECTOR OF LIGHTHOUSES AND LIGHTSHIPS PORTBLAIR,South Andaman,CRZ Granted,2024-02-02T11:19:45.349+00:00,2025-08-14T12:18:46.425+00:00,169.0,0.0397,https://parivesh.nic.in/newupgrade/#/report/ec?proposalId=43429823
state,35,Andaman And Nicobar Islands,top_recent_ec,2,,,FP/AN/REDIV/515813/2024,Proposal to divert 0.4707 ha of forest land for laying a 26.49 km OFC cable in Diglipur Forest Division under the USOF Project,OFFICE OF THE JOINT CONTROLLER OF COMMUNICATION ACCOUNTS DOT ANDAMAN AND NICOBAR CIRCLE,North  & Middle Andaman,Final Diversion Order Issued,2024-12-23T11:56:45.987+00:00,2025-08-12T06:10:51.492+00:00,105.0,0.824,https://parivesh.nic.in/newupgrade/#/report/ec?proposalId=115613203
state,35,Andaman And Nicobar Islands,top_recent_ec,3,,,IA/AN/CRZ/468451/2024,Construction of seaport terminal at Shaheed Dweep (Neil Island) in Andaman & Nicobar Islands,"CE&A, ALHW, MOS, PORT BLAIR",South Andaman,CRZ Granted,2024-04-05T07:13:54.984+00:00,2025-07-31T15:46:52.035+00:00,3747.0,0.616,https://parivesh.nic.in/newupgrade/#/report/ec?proposalId=58881626
state,35,Andaman And Nicobar Islands,top_recent_ec,4,,,FP/AN/OTHERS/469409/2024,Construction of Check Weirs across Nallah including 01 no Pump house at Tushnabad,EXECUTIVE ENGINEER RCD APWD WIMBERLYGUNJ,South Andaman,Final Diversion Order Issued,2024-04-16T05:40:18.442+00:00,2025-04-22T11:39:04.072+00:00,213.0,0.033,https://parivesh.nic.in/newupgrade/#/report/ec?proposalId=61168963
state,35,Andaman And Nicobar Islands,top_recent_ec,5,,,IA/AN/CRZ/464771/2024,Extension of jetty by 150m x 20m and 8 Navigational aids at Long Island in Andaman & Nicobar Islands.,"CE&A, ALHW, MOS, PORT BLAIR",North  & Middle Andaman,CRZ Granted,2024-03-02T07:52:43.566+00:00,2025-03-19T10:09:45.685+00:00,9474.0,0.4,https://parivesh.nic.in/newupgrade/#/report/ec?proposalId=51037315
state,35,Andaman And Nicobar Islands,top_recent_ec,6,,,IA/AN/INFRA1/517388/2025,"Splitting & Transfer of EC & CRZ Clearance received vide letter dated 11.11.2022 for the Integrated Development of International Container Transshipment Terminal (ICTT) – 14.2 Million TEU, Township & Area Development, and  450 MVA Gas and Solar-based Power Plant in 16,610 ha. at Great Nicobar Islands, Nicobar District",ANDAMAN AND NICOBAR ISLANDS INTEGRATED DEVELOPMENT CORPORATION,Nicobars,EC Granted,2025-01-06T06:22:08.389+00:00,2025-03-18T12:28:27.824+00:00,7262200.0,16610.0,https://parivesh.nic.in/newupgrade/#/report/ec?proposalId=116792037
state,35,Andaman And Nicobar Islands,top_recent_ec,7,,,IA/AN/INFRA1/517388/2025/S1,"Splitting & Transfer of EC & CRZ Clearance received vide letter dated 11.11.2022 for the Integrated Development of International Container Transshipment Terminal (ICTT) – 14.2 Million TEU, Township & Area Development, and  450 MVA Gas and Solar-based Power Plant in 16,610 ha. at Great Nicobar Islands, Nicobar District",ANDAMAN AND NICOBAR ISLANDS INTEGRATED DEVELOPMENT CORPORATION,Nicobars,EC Granted,2025-03-19T05:46:31.555+00:00,2025-03-18T12:28:27.824+00:00,7262200.0,16610.0,https://parivesh.nic.in/newupgrade/#/report/ec?proposalId=122708974
state,35,Andaman And Nicobar Islands,top_recent_ec,8,,,IA/AN/THE/517544/2025,"Splitting & Transfer of EC & CRZ Clearance received vide letter dated 11.11.2022 for the Integrated Development of International Container Transshipment Terminal (ICTT) – 14.2 Million TEU, Township & Area Development, and  450 MVA Gas and Solar-based Power Plant in 16,610 ha. at Great Nicobar Islands, Nicobar District",ANDAMAN AND NICOBAR ISLANDS INTEGRATED DEVELOPMENT CORPORATION,Nicobars,Proposal Withdrawal Request Accepted,2025-01-07T06:08:10.762+00:00,2025-02-06T06:11:10.437+00:00,7262200.0,16610.0,https://parivesh.nic.in/newupgrade/#/report/ec?proposalId=116871550
state,35,Andaman And Nicobar Islands,top_recent_ec,9,,,FP/AN/OTHERS/469400/2024,Installation of One 4G Tower in South Andaman under USOF Project,OFFICE OF THE JOINT CONTROLLER OF COMMUNICATION ACCOUNTS DOT ANDAMAN AND NICOBAR CIRCLE,South Andaman,Final Diversion Order Issued,2024-04-16T04:50:50.281+00:00,2024-09-06T04:22:35.416+00:00,104.3,0.0422,https://parivesh.nic.in/newupgrade/#/report/ec?proposalId=61165784
state,35,Andaman And Nicobar Islands,top_recent_ec,10,,,FP/AN/OTHERS/449196/2023,Installation of Three (3) 4G towers in Mayabunder Forest Division under USOF Project,OFFICE OF THE JOINT CONTROLLER OF COMMUNICATION ACCOUNTS DOT ANDAMAN AND NICOBAR CIRCLE,North  & Middle Andaman,Final Diversion Order Issued,2023-10-17T11:02:59.735+00:00,2024-07-04T04:18:35.776+00:00,313.5,0.125,https://parivesh.nic.in/newupgrade/#/report/ec?proposalId=17619436
state,35,Andaman And Nicobar Islands,top_cost,1,,,FP/AN/OTHERS/473423/2024,"Construction of Check Weir, Pump house, Pipeline & 01 No. CWR (2.45 Lakh) at Shoalbay-14 under RCD, APWD, Wimberlygunj, South Andaman.",EXECUTIVE ENGINEER RCD APWD WIMBERLYGUNJ,South Andaman,Pending at CF for Compliance Review,2024-05-17T12:33:45.302+00:00,,9839331.0,0.245,https://parivesh.nic.in/newupgrade/#/report/ec?proposalId=68800279
state,35,Andaman And Nicobar Islands,top_cost,2,,,FP/AN/OTHERS/476313/2024,"Construction of Check Weir, Pump house and pipeline & 01 No. CWR (2.45 Lakh) at Shoal Bay-11 under RCD, APWD, Wimberlygunj, South Andaman",EXECUTIVE ENGINEER RCD APWD WIMBERLYGUNJ,South Andaman,Pending at CF for Compliance Review,2024-05-27T10:16:01.910+00:00,,8656191.0,0.128,https://parivesh.nic.in/newupgrade/#/report/ec?proposalId=71269730
state,35,Andaman And Nicobar Islands,top_cost,3,,,IA/AN/INFRA1/517388/2025,"Splitting & Transfer of EC & CRZ Clearance received vide letter dated 11.11.2022 for the Integrated Development of International Container Transshipment Terminal (ICTT) – 14.2 Million TEU, Township & Area Development, and  450 MVA Gas and Solar-based Power Plant in 16,610 ha. at Great Nicobar Islands, Nicobar District",ANDAMAN AND NICOBAR ISLANDS INTEGRATED DEVELOPMENT CORPORATION,Nicobars,EC Granted,2025-01-06T06:22:08.389+00:00,2025-03-18T12:28:27.824+00:00,7262200.0,16610.0,https://parivesh.nic.in/newupgrade/#/report/ec?proposalId=116792037
state,35,Andaman And Nicobar Islands,top_cost,4,,,IA/AN/THE/517544/2025,"Splitting & Transfer of EC & CRZ Clearance received vide letter dated 11.11.2022 for the Integrated Development of International Container Transshipment Terminal (ICTT) – 14.2 Million TEU, Township & Area Development, and  450 MVA Gas and Solar-based Power Plant in 16,610 ha. at Great Nicobar Islands, Nicobar District",ANDAMAN AND NICOBAR ISLANDS INTEGRATED DEVELOPMENT CORPORATION,Nicobars,Proposal Withdrawal Request Accepted,2025-01-07T06:08:10.762+00:00,2025-02-06T06:11:10.437+00:00,7262200.0,16610.0,https://parivesh.nic.in/newupgrade/#/report/ec?proposalId=116871550
state,35,Andaman And Nicobar Islands,top_cost,5,,,IA/AN/INFRA1/517388/2025/S1,"Splitting & Transfer of EC & CRZ Clearance received vide letter dated 11.11.2022 for the Integrated Development of International Container Transshipment Terminal (ICTT) – 14.2 Million TEU, Township & Area Development, and  450 MVA Gas and Solar-based Power Plant in 16,610 ha. at Great Nicobar Islands, Nicobar District",ANDAMAN AND NICOBAR ISLANDS INTEGRATED DEVELOPMENT CORPORATION,Nicobars,EC Granted,2025-03-19T05:46:31.555+00:00,2025-03-18T12:28:27.824+00:00,7262200.0,16610.0,https://parivesh.nic.in/newupgrade/#/report/ec?proposalId=122708974
state,35,Andaman And Nicobar Islands,top_cost,6,,,FP/AN/SRY/534712/2025,Proposal for Geotechnical Investigation within forest areas for the Great Nicobar Township Master Plan (with DPR) project.,ANDAMAN AND NICOBAR ISLANDS INTEGRATED DEVELOPMENT CORPORATION,Nicobars,Approval Granted,2025-04-21T04:42:35.431+00:00,,7262200.0,16610.0,https://parivesh.nic.in/newupgrade/#/report/ec?proposalId=125215018
state,35,Andaman And Nicobar Islands,top_cost,7,,,FP/AN/SRY/536321/2025,Proposal for Site-Specific Investigations within Forest Area for Development of Power Infrastructure by NTPC under the Great Nicobar Island Holistic Development Project,ANDAMAN AND NICOBAR ISLANDS INTEGRATED DEVELOPMENT CORPORATION,Nicobars,Approval Granted,2025-05-03T09:27:00.381+00:00,,7262200.0,16610.0,https://parivesh.nic.in/newupgrade/#/report/ec?proposalId=126190287
state,35,Andaman And Nicobar Islands,top_cost,8,,,FP/AN/SRY/554178/2025,"Proposal for Metocean Study (Automatic Weather Station) by M/s Syama Prasad Mookerjee Port Authority (SMPK), Kolkata within Forest area for DPR Preparation of the proposed Port at Galathea Bay, Great Nicobar Island, under the Holistic Development of Great Nicobar Island Project.",ANDAMAN AND NICOBAR ISLANDS INTEGRATED DEVELOPMENT CORPORATION,Nicobars,Approval Granted,2025-10-06T09:44:18.948+00:00,,7262200.0,16610.0,https://parivesh.nic.in/newupgrade/#/report/ec?proposalId=137549955
state,35,Andaman And Nicobar Islands,top_cost,9,,,SIA/AN/MIN/458066/2024,White Moorum Quarry - 2024,"Deputy Commissioner, South Andaman",South Andaman,EC Granted,2024-01-09T03:41:50.575+00:00,,5990775.0,0.319,https://parivesh.nic.in/newupgrade/#/report/ec?proposalId=37576565
state,35,Andaman And Nicobar Islands,top_cost,10,,,IA/AN/CRZ/573127/2026,"installation of Temporary tourism facilities shacks, toilets, change rooms, walk ways constructed using interlocking paver blocks, drinking water facilities, seating arrangements facilities at Revenue Survey No. 96/1, Bimblitang Village",G V V D Prasad rao,South Andaman,EDS Raised,2026-03-20T15:34:45.191+00:00,,1500000.0,3000.0,https://parivesh.nic.in/newupgrade/#/report/ec?proposalId=1222270155
state,35,Andaman And Nicobar Islands,top_land,1,,,IA/AN/CRZ/473318/2024,"CRZ Clearance for Proposed Offshore Drilling of 4 Exploratory Wells in AN-OSHP-2018/2 Block at Andaman Basin, Andaman & Nicobar Union Territory, India",OIL INDIA LIMITED,North  & Middle Andaman,Under Examination with SCZMA,2024-05-17T07:57:54.868+00:00,,51800.0,594745.0,https://parivesh.nic.in/newupgrade/#/report/ec?proposalId=68728505
state,35,Andaman And Nicobar Islands,top_land,2,,,SIA/AN/IND2/489865/2024,"CRZ Clearance for Proposed Offshore Drilling of 4 Exploratory Wells in AN-OSHP-2018/2 Block at Andaman Basin, Andaman & Nicobar Union Territory, India",OIL INDIA LIMITED,North  & Middle Andaman,EC Granted,2024-07-26T12:25:56.055+00:00,,51800.0,594745.0,https://parivesh.nic.in/newupgrade/#/report/ec?proposalId=87781973
state,35,Andaman And Nicobar Islands,top_land,3,,,IA/AN/CRZ/531650/2025,"CRZ Clearance for Proposed Offshore Drilling of 2 Exploratory Wells in AN-OSHP-2018/2 Block at Andaman Basin, Andaman & Nicobar Union Territory, India",OIL INDIA LIMITED,North  & Middle Andaman,Accepted and Referred to SCZMA,2025-03-27T13:02:38.581+00:00,,25900.0,594745.0,https://parivesh.nic.in/newupgrade/#/report/ec?proposalId=123691193
state,35,Andaman And Nicobar Islands,top_land,4,,,SIA/AN/IND2/556743/2025,"CRZ Clearance for Proposed Offshore Drilling of 4 Exploratory Wells in AN-OSHP-2018/2 Block at Andaman Basin, Andaman & Nicobar Union Territory, India",OIL INDIA LIMITED,North  & Middle Andaman,Under Verification,2025-10-31T11:14:08.558+00:00,,51800.0,594745.0,https://parivesh.nic.in/newupgrade/#/report/ec?proposalId=172822378
state,35,Andaman And Nicobar Islands,top_land,5,,,IA/AN/CRZ/473372/2024,"CRZ Clearance for Proposed Offshore Drilling of 4 Exploratory Wells in AN-OSHP-2018/1 Block at Andaman Basin, Andaman & Nicobar Union Territory, India",OIL INDIA LIMITED,North  & Middle Andaman,Under Examination with SCZMA,2024-05-17T10:30:42.234+00:00,,52000.0,366925.0,https://parivesh.nic.in/newupgrade/#/report/ec?proposalId=68768860
state,35,Andaman And Nicobar Islands,top_land,6,,,SIA/AN/IND2/489860/2024,"CRZ Clearance for Proposed Offshore Drilling of 4 Exploratory Wells in AN-OSHP-2018/1 Block at Andaman Basin, Andaman & Nicobar Union Territory, India",OIL INDIA LIMITED,North  & Middle Andaman,EC Granted,2024-07-26T12:13:20.762+00:00,,52000.0,366925.0,https://parivesh.nic.in/newupgrade/#/report/ec?proposalId=87780269
state,35,Andaman And Nicobar Islands,top_land,7,,,IA/AN/CRZ/534218/2025,"CRZ Clearance for Proposed Offshore Drilling of 2 Exploratory Wells in AN-OSHP-2018/1 Block at Andaman Basin, Andaman & Nicobar Union Territory, India",OIL INDIA LIMITED,North  & Middle Andaman,Accepted and Referred to SCZMA,2025-04-17T06:05:03.930+00:00,,26000.0,366925.0,https://parivesh.nic.in/newupgrade/#/report/ec?proposalId=125009585
state,35,Andaman And Nicobar Islands,top_land,8,,,SIA/AN/IND2/556730/2025,"CRZ Clearance for Proposed Offshore Drilling of 4 Exploratory Wells in AN-OSHP-2018/1 Block at Andaman Basin, Andaman & Nicobar Union Territory, India",OIL INDIA LIMITED,South Andaman,Under Verification,2025-10-31T10:12:05.175+00:00,,52000.0,366925.0,https://parivesh.nic.in/newupgrade/#/report/ec?proposalId=170932378
state,35,Andaman And Nicobar Islands,top_land,9,,,IA/AN/INFRA1/517388/2025,"Splitting & Transfer of EC & CRZ Clearance received vide letter dated 11.11.2022 for the Integrated Development of International Container Transshipment Terminal (ICTT) – 14.2 Million TEU, Township & Area Development, and  450 MVA Gas and Solar-based Power Plant in 16,610 ha. at Great Nicobar Islands, Nicobar District",ANDAMAN AND NICOBAR ISLANDS INTEGRATED DEVELOPMENT CORPORATION,Nicobars,EC Granted,2025-01-06T06:22:08.389+00:00,2025-03-18T12:28:27.824+00:00,7262200.0,16610.0,https://parivesh.nic.in/newupgrade/#/report/ec?proposalId=116792037
state,35,Andaman And Nicobar Islands,top_land,10,,,IA/AN/THE/517544/2025,"Splitting & Transfer of EC & CRZ Clearance received vide letter dated 11.11.2022 for the Integrated Development of International Container Transshipment Terminal (ICTT) – 14.2 Million TEU, Township & Area Development, and  450 MVA Gas and Solar-based Power Plant in 16,610 ha. at Great Nicobar Islands, Nicobar District",ANDAMAN AND NICOBAR ISLANDS INTEGRATED DEVELOPMENT CORPORATION,Nicobars,Proposal Withdrawal Request Accepted,2025-01-07T06:08:10.762+00:00,2025-02-06T06:11:10.437+00:00,7262200.0,16610.0,https://parivesh.nic.in/newupgrade/#/report/ec?proposalId=116871550
state,36,Telangana,stat,,projects,0,,,,,,,,,,
state,36,Telangana,stat,,active_projects,0,,,,,,,,,,
state,36,Telangana,stat,,applications,0,,,,,,,,,,
state,36,Telangana,stat,,ec_granted,0,,,,,,,,,,
state,36,Telangana,stat,,ec_pending,0,,,,,,,,,,
state,36,Telangana,stat,,ec_rejected,0,,,,,,,,,,
state,36,Telangana,stat,,delisted_or_removed,0,,,,,,,,,,
state,36,Telangana,stat,,total_cost_lakhs,0,,,,,,,,,,
state,36,Telangana,stat,,cost_outliers_excluded,0,,,,,,,,,,
state,36,Telangana,stat,,total_land_ha,0,,,,,,,,,,
state,36,Telangana,stat,,latest_application,,,,,,,,,,,
state,36,Telangana,stat,,latest_grant,,,,,,,,,,,
state,36,Telangana,stat,,changes_added,0,,,,,,,,,,
state,36,Telangana,stat,,changes_removed,0,,,,,,,,,,
state,36,Telangana,stat,,changes_updated,0,,,,,,,,,,
state,36,Telangana,stat,,changes_status,0,,,,,,,,,,
state,36,Telangana,stat,,compared_with,,,,,,,,,,,
state,36,Telangana,run,,run_status,not_run,,,,,,,,,,
state,36,Telangana,run,,run_date,,,,,,,,,,,
state,36,Telangana,run,,run_url,,,,,,,,,,,
state,37,Ladakh,stat,,projects,249,,,,,,,,,,
state,37,Ladakh,stat,,active_projects,245,,,,,,,,,,
state,37,Ladakh,stat,,applications,245,,,,,,,,,,
state,37,Ladakh,stat,,ec_granted,2,,,,,,,,,,
state,37,Ladakh,stat,,ec_pending,237,,,,,,,,,,
state,37,Ladakh,stat,,ec_rejected,0,,,,,,,,,,
state,37,Ladakh,stat,,delisted_or_removed,4,,,,,,,,,,
state,37,Ladakh,stat,,total_cost_lakhs,17103557.66,,,,,,,,,,
state,37,Ladakh,stat,,cost_outliers_excluded,12,,,,,,,,,,
state,37,Ladakh,stat,,total_land_ha,2626557.3711,,,,,,,,,,
state,37,Ladakh,stat,,latest_application,2025-08-09T08:09:00.470+00:00,,,,,,,,,,
state,37,Ladakh,stat,,latest_grant,2024-11-25T05:01:07.370+00:00,,,,,,,,,,
state,37,Ladakh,stat,,changes_added,0,,,,,,,,,,
state,37,Ladakh,stat,,changes_removed,0,,,,,,,,,,
state,37,Ladakh,stat,,changes_updated,0,,,,,,,,,,
state,37,Ladakh,stat,,changes_status,0,,,,,,,,,,
state,37,Ladakh,stat,,compared_with,,,,,,,,,,,
state,37,Ladakh,status,,(none),229,,,,,,,,,,
state,37,Ladakh,status,,Under Verification,5,,,,,,,,,,
state,37,Ladakh,status,,Proposal pulled back (withdrawn),5,,,,,,,,,,
state,37,Ladakh,status,,DELISTED_BY_SYSTEM,4,,,,,,,,,,
state,37,Ladakh,status,,Final Diversion Order Issued,2,,,,,,,,,,
state,37,Ladakh,status,,Proposal Accepted and Referred to SEAC,1,,,,,,,,,,
state,37,Ladakh,status,,Pending on UA for Compensatory Levies Payment,1,,,,,,,,,,
state,37,Ladakh,status,,Pending at UA for Compliance Report,1,,,,,,,,,,
state,37,Ladakh,status,,Proposal returned in present form,1,,,,,,,,,,
state,37,Ladakh,applications_by_year,,2022,1,,,,,,,,,,
state,37,Ladakh,applications_by_year,,2023,113,,,,,,,,,,
state,37,Ladakh,applications_by_year,,2024,71,,,,,,,,,,
state,37,Ladakh,applications_by_year,,2025,60,,,,,,,,,,
state,37,Ladakh,grants_by_year,,2024,2,,,,,,,,,,
state,37,Ladakh,run,,run_status,ok,,,,,,,,,,
state,37,Ladakh,run,,run_date,2026-09-30T04:58:08Z,,,,,,,,,,
state,37,Ladakh,run,,run_url,,,,,,,,,,,
state,37,Ladakh,top_recent_ec,1,,,FP/LA/Pipeline/460138/2024,EXTENSION OF STP OUTLET PIPE UPTO DEWACHAN HOTEL AGLING,Department of Irrigation,Leh,Final Diversion Order Issued,2024-01-28T12:26:31.324+00:00,2024-11-25T05:01:07.370+00:00,113.65,0.117,https://parivesh.nic.in/newupgrade/#/report/ec?proposalId=42063026
state,37,Ladakh,top_recent_ec,2,,,FP/LA/ROAD/401595/2022,Diversion of forest land for Widening/UP- gradation to 2 lane/Intermediate lane of NH-301 (Kargil-Zanskar Road) in the UT of Ladakh., NATIONAL HIGHWAYS & INFRASTRUCTURE DEVELOPMENT CORPORATION LIMITED,Kargil,Final Diversion Order Issued,2022-09-28T05:10:40.002+00:00,2024-11-04T13:30:26.883+00:00,114300.0,36.0895,https://parivesh.nic.in/newupgrade/#/report/ec?proposalId=945137
state,37,Ladakh,top_cost,1,,,WL/LA/DEF/465822/2024,CONSTRUCTION AND INSTALLATION OF WASTE DISPOSAL AND PROCESSING PLANT AT HANLE VILLAGE (UT OF LADAKH),Ministry of Defense,Leh,,2024-03-13T07:21:29.221+00:00,,7994859.0,0.0151,https://parivesh.nic.in/newupgrade/#/report/ec?proposalId=53115249
state,37,Ladakh,top_cost,2,,,WL/LA/DEF/479091/2024,ARMY SIGNALS MOBILE TELE COMMUNICATION TOWER (ASCON NODE) AT LUKUNG,Ministry of Defense,Leh,,2024-06-05T08:50:14.702+00:00,,2500000.0,0.023,https://parivesh.nic.in/newupgrade/#/report/ec?proposalId=73968647
state,37,Ladakh,top_cost,3,,,WL/LA/SRY/468583/2024,ARMY SIGNALS MOBILE TELECOMMUNICATION TOWER (ASCON NODE) AT LUKUNG,Ministry of Defense,Leh,,2024-04-06T07:23:04.141+00:00,,2500000.0,0.24,https://parivesh.nic.in/newupgrade/#/report/ec?proposalId=59164451
state,37,Ladakh,top_cost,4,,,WL/LA/DEF/478834/2024,TRAFFIC CONTROL POST NO 01,Ministry of Defense,Leh,,2024-06-04T09:14:53.760+00:00,,1469465.0,0.92,https://parivesh.nic.in/newupgrade/#/report/ec?proposalId=73602558
state,37,Ladakh,top_cost,5,,,WL/LA/DEF/478470/2024,INFANTRY BATTALION CAMP AT ERATH II,Ministry of Defense,Leh,,2024-06-03T04:51:16.867+00:00,,1102793.0,23.8,https://parivesh.nic.in/newupgrade/#/report/ec?proposalId=73193069
state,37,Ladakh,top_cost,6,,,WL/LA/DEF/479063/2024,POST OF ARTILLERY REGIMENT (FASF),Ministry of Defense,Leh,,2024-06-05T07:51:20.837+00:00,,702154.0,5.76,https://parivesh.nic.in/newupgrade/#/report/ec?proposalId=73961608
state,37,Ladakh,top_cost,7,,,WL/LA/DEF/427716/2023,Construction and upgradation of road Lukung-Chartse,51 RCC,Leh,,2023-05-01T10:08:16.614+00:00,,158475.79,27.86,https://parivesh.nic.in/newupgrade/#/report/ec?proposalId=4997286
state,37,Ladakh,top_cost,8,,,FP/LA/ROAD/401595/2022,Diversion of forest land for Widening/UP- gradation to 2 lane/Intermediate lane of NH-301 (Kargil-Zanskar Road) in the UT of Ladakh., NATIONAL HIGHWAYS & INFRASTRUCTURE DEVELOPMENT CORPORATION LIMITED,Kargil,Final Diversion Order Issued,2022-09-28T05:10:40.002+00:00,2024-11-04T13:30:26.883+00:00,114300.0,36.0895,https://parivesh.nic.in/newupgrade/#/report/ec?proposalId=945137
state,37,Ladakh,top_cost,9,,,WL/LA/DEF/519430/2025,FORWARD AVIATION BASE AT SHYOK,Ministry of Defense,Leh,,2025-01-20T14:44:48.898+00:00,,48000.0,47.6,https://parivesh.nic.in/newupgrade/#/report/ec?proposalId=117989342
state,37,Ladakh,top_cost,10,,,WL/LA/DEF/449296/2023,Construction of Likaru Mig La-Fukche Road from km 0.000 to km 64.000,Ministry of Defense,Leh,,2023-10-18T07:40:06.361+00:00,,47791.254,47.68,https://parivesh.nic.in/newupgrade/#/report/ec?proposalId=17850049
state,37,Ladakh,top_land,1,,,WL/LA/Others/545645/2025,"Rationalisation of Boundary of Karakoram (Nubra-Shayok) Wildlife Sanctuary , UT Ladakh.",Department of Wildlife Protection,Leh,,2025-07-22T12:26:54.522+00:00,,0.0,1655000.0,https://parivesh.nic.in/newupgrade/#/report/ec?proposalId=132571784
state,37,Ladakh,top_land,2,,,WL/LA/Others/545732/2025,"Rationalisation of Boundary of High Altitude Cold Desert (Changthang) Wildlife Sanctuary , UT Ladakh.",Department of Wildlife Protection,Leh,,2025-07-23T10:37:41.426+00:00,,0.0,969600.0,https://parivesh.nic.in/newupgrade/#/report/ec?proposalId=132632408
state,37,Ladakh,top_land,3,,,WL/LA/TRANS/495110/2024,66 kV Transmission Line Kharu - Phobrang under RDSS,ENERGY POWER DEPARTMENT,Leh,,2024-09-02T11:03:16.343+00:00,,10358.0,160.04,https://parivesh.nic.in/newupgrade/#/report/ec?proposalId=99135259
state,37,Ladakh,top_land,4,,,WL/LA/DEF/526983/2025,OMP KHALSAR,Ministry of Defense,Leh,,2025-03-02T06:41:56.247+00:00,,1776.67,70.0,https://parivesh.nic.in/newupgrade/#/report/ec?proposalId=121381380
state,37,Ladakh,top_land,5,,,WL/LA/Solarpower/538375/2025,"Solar Power project Tebla thang, tirith Nubra","Electric Project Division, PDC ,choglamsar leh ",Leh,,2025-05-20T10:15:19.809+00:00,,6600.0,49.9,https://parivesh.nic.in/newupgrade/#/report/ec?proposalId=127429069
state,37,Ladakh,top_land,6,,,WL/LA/DEF/449296/2023,Construction of Likaru Mig La-Fukche Road from km 0.000 to km 64.000,Ministry of Defense,Leh,,2023-10-18T07:40:06.361+00:00,,47791.254,47.68,https://parivesh.nic.in/newupgrade/#/report/ec?proposalId=17850049
state,37,Ladakh,top_land,7,,,WL/LA/DEF/519430/2025,FORWARD AVIATION BASE AT SHYOK,Ministry of Defense,Leh,,2025-01-20T14:44:48.898+00:00,,48000.0,47.6,https://parivesh.nic.in/newupgrade/#/report/ec?proposalId=117989342
state,37,Ladakh,top_land,8,,,WL/LA/DEF/517498/2025,FORWARD AVIATION BASE (FAB) AT SHYOK,Ministry of Defense,Leh,,2025-01-06T15:46:05.980+00:00,,4800000000.0,47.6,https://parivesh.nic.in/newupgrade/#/report/ec?proposalId=116851875
state,37,Ladakh,top_land,9,,,WL/LA/DEF/531149/2025,FORMATION AMMUNITION STORAGE FACILITY (FASF) AT KM-47,Ministry of Defense,Leh,,2025-03-24T16:12:49.509+00:00,,8380.4,47.1,https://parivesh.nic.in/newupgrade/#/report/ec?proposalId=123266008
state,37,Ladakh,top_land,10,,,WL/LA/DEF/530301/2025,BRIGADE HQADQUARTERS LOCATION AT CHUSHUL,Ministry of Defense,Leh,,2025-03-19T13:18:01.833+00:00,,857.0,46.3,https://parivesh.nic.in/newupgrade/#/report/ec?proposalId=122790234
state,38,Dadra And Nagar Haveli And Daman And Diu,stat,,projects,127,,,,,,,,,,
state,38,Dadra And Nagar Haveli And Daman And Diu,stat,,active_projects,77,,,,,,,,,,
state,38,Dadra And Nagar Haveli And Daman And Diu,stat,,applications,77,,,,,,,,,,
state,38,Dadra And Nagar Haveli And Daman And Diu,stat,,ec_granted,22,,,,,,,,,,
state,38,Dadra And Nagar Haveli And Daman And Diu,stat,,ec_pending,53,,,,,,,,,,
state,38,Dadra And Nagar Haveli And Daman And Diu,stat,,ec_rejected,0,,,,,,,,,,
state,38,Dadra And Nagar Haveli And Daman And Diu,stat,,delisted_or_removed,50,,,,,,,,,,
state,38,Dadra And Nagar Haveli And Daman And Diu,stat,,total_cost_lakhs,2959307.39,,,,,,,,,,
state,38,Dadra And Nagar Haveli And Daman And Diu,stat,,cost_outliers_excluded,0,,,,,,,,,,
state,38,Dadra And Nagar Haveli And Daman And Diu,stat,,total_land_ha,17787.7112,,,,,,,,,,
state,38,Dadra And Nagar Haveli And Daman And Diu,stat,,latest_application,2025-07-24T10:10:30.490+00:00,,,,,,,,,,
state,38,Dadra And Nagar Haveli And Daman And Diu,stat,,latest_grant,2025-05-05T11:36:19.084+00:00,,,,,,,,,,
state,38,Dadra And Nagar Haveli And Daman And Diu,stat,,changes_added,0,,,,,,,,,,
state,38,Dadra And Nagar Haveli And Daman And Diu,stat,,changes_removed,0,,,,,,,,,,
state,38,Dadra And Nagar Haveli And Daman And Diu,stat,,changes_updated,0,,,,,,,,,,
state,38,Dadra And Nagar Haveli And Daman And Diu,stat,,changes_status,0,,,,,,,,,,
state,38,Dadra And Nagar Haveli And Daman And Diu,stat,,compared_with,2026-09-30T16:00:09+05:30,,,,,,,,,,
state,38,Dadra And Nagar Haveli And Daman And Diu,status,,DELISTED_BY_SYSTEM,36,,,,,,,,,,
state,38,Dadra And Nagar Haveli And Daman And Diu,status,,(none),21,,,,,,,,,,
state,38,Dadra And Nagar Haveli And Daman And Diu,status,,REMOVED,14,,,,,,,,,,
state,38,Dadra And Nagar Haveli And Daman And Diu,status,,Final Diversion Order Issued,13,,,,,,,,,,
state,38,Dadra And Nagar Haveli And Daman And Diu,status,,Proposal Accepted and Referred to SEAC,7,,,,,,,,,,
state,38,Dadra And Nagar Haveli And Daman And Diu,status,,Under Examination with SCZMA,5,,,,,,,,,,
state,38,Dadra And Nagar Haveli And Daman And Diu,status,,Pending at DFO for Scrutiny and Recommendation,3,,,,,,,,,,
state,38,Dadra And Nagar Haveli And Daman And Diu,status,,Pending at MS SEIAA,3,,,,,,,,,,
state,38,Dadra And Nagar Haveli And Daman And Diu,status,,Pending at UA for DFO EDS Reply,2,,,,,,,,,,
state,38,Dadra And Nagar Haveli And Daman And Diu,status,,Standard ToR Granted,2,,,,,,,,,,
state,38,Dadra And Nagar Haveli And Daman And Diu,status,,"Pending at Nodal Officer due to EDS by State Secretary;",2,,,,,,,,,,
state,38,Dadra And Nagar Haveli And Daman And Diu,status,,Pending on UA for Compensatory Levies Payment,2,,,,,,,,,,
state,38,Dadra And Nagar Haveli And Daman And Diu,status,,Granted,2,,,,,,,,,,
state,38,Dadra And Nagar Haveli And Daman And Diu,status,,Proposal Withdrawal Request Accepted,2,,,,,,,,,,
state,38,Dadra And Nagar Haveli And Daman And Diu,status,,REJECTED,2,,,,,,,,,,
state,38,Dadra And Nagar Haveli And Daman And Diu,status,,ADS Raised,1,,,,,,,,,,
state,38,Dadra And Nagar Haveli And Daman And Diu,status,,Pending at Nodal Officer due to Demand Modification Request By UA,1,,,,,,,,,,
state,38,Dadra And Nagar Haveli And Daman And Diu,status,,Withdrawal Request Accepted,1,,,,,,,,,,
state,38,Dadra And Nagar Haveli And Daman And Diu,status,,Pending at State Secretary for Recommendation after PSC-II,1,,,,,,,,,,
state,38,Dadra And Nagar Haveli And Daman And Diu,status,,Pending at UA due to EDS by DFO,1,,,,,,,,,,
state,38,Dadra And Nagar Haveli And Daman And Diu,status,,ToR Granted,1,,,,,,,,,,
state,38,Dadra And Nagar Haveli And Daman And Diu,status,,Pending at DFO due to EDS by Nodal Officer,1,,,,,,,,,,
state,38,Dadra And Nagar Haveli And Daman And Diu,status,,Pending at UA for Compensatory Levies Payment and Compliance Report,1,,,,,,,,,,
state,38,Dadra And Nagar Haveli And Daman And Diu,status,,Pending at UA due to EDS by MS after PSC-I,1,,,,,,,,,,
state,38,Dadra And Nagar Haveli And Daman And Diu,status,,Pending on UA for Levies Payment,1,,,,,,,,,,
state,38,Dadra And Nagar Haveli And Daman And Diu,status,,TOR GRANTED,1,,,,,,,,,,
state,38,Dadra And Nagar Haveli And Daman And Diu,applications_by_year,,2022,13,,,,,,,,,,
state,38,Dadra And Nagar Haveli And Daman And Diu,applications_by_year,,2023,23,,,,,,,,,,
state,38,Dadra And Nagar Haveli And Daman And Diu,applications_by_year,,2024,24,,,,,,,,,,
state,38,Dadra And Nagar Haveli And Daman And Diu,applications_by_year,,2025,17,,,,,,,,,,
state,38,Dadra And Nagar Haveli And Daman And Diu,grants_by_year,,2022,1,,,,,,,,,,
state,38,Dadra And Nagar Haveli And Daman And Diu,grants_by_year,,2023,5,,,,,,,,,,
state,38,Dadra And Nagar Haveli And Daman And Diu,grants_by_year,,2024,11,,,,,,,,,,
state,38,Dadra And Nagar Haveli And Daman And Diu,grants_by_year,,2025,5,,,,,,,,,,
state,38,Dadra And Nagar Haveli And Daman And Diu,run,,run_status,ok,,,,,,,,,,
state,38,Dadra And Nagar Haveli And Daman And Diu,run,,run_date,2026-09-30T04:58:08Z,,,,,,,,,,
state,38,Dadra And Nagar Haveli And Daman And Diu,run,,run_url,,,,,,,,,,,
state,38,Dadra And Nagar Haveli And Daman And Diu,top_recent_ec,1,,,SIA/DN/INFRA2/528373/2025,Krishna Tower ,Jay jalaram developers,Dadra & Nagar Haveli,Withdrawal Request Accepted,2025-03-08T10:07:57.877+00:00,2025-05-05T11:36:19.084+00:00,6681.68,1.06,https://parivesh.nic.in/newupgrade/#/report/ec?proposalId=121975875
state,38,Dadra And Nagar Haveli And Daman And Diu,top_recent_ec,2,,,SIA/DN/INFRA2/459995/2024,Abhinandan Mountreea,CHETANKUMAR SHAH,Dadra & Nagar Haveli,Proposal Withdrawal Request Accepted,2024-01-27T06:23:17.472+00:00,2025-04-29T07:11:08.819+00:00,1282.0,3.7105,https://parivesh.nic.in/newupgrade/#/report/ec?proposalId=41799038
state,38,Dadra And Nagar Haveli And Daman And Diu,top_recent_ec,3,,,FP/DN/TRANS/427484/2023,Diversion of Protected Forest land for the Laying of 11KV Underground HDD Electric Cable from Vaghchippa Substation to APJ Abdul Kalam College., DADRA AND NAGAR HAVELI AND DAMAN AND DIU POWER DISTRIBUTION CORPORATION LIM,Dadra & Nagar Haveli,Final Diversion Order Issued,2023-04-28T08:02:07.759+00:00,2025-02-19T11:13:06.555+00:00,50.0,0.0387,https://parivesh.nic.in/newupgrade/#/report/ec?proposalId=4928430
state,38,Dadra And Nagar Haveli And Daman And Diu,top_recent_ec,4,,,SIA/DN/INFRA2/460848/2024,Palladium High Street,DIGVIJAYSINH PARMAR,Dadra & Nagar Haveli,Proposal Withdrawal Request Accepted,2024-02-03T06:09:16.001+00:00,2025-02-17T11:38:05.433+00:00,8036.23,1.6875,https://parivesh.nic.in/newupgrade/#/report/ec?proposalId=43686470
state,38,Dadra And Nagar Haveli And Daman And Diu,top_recent_ec,5,,,IA/DN/IND1/506591/2025,POLYCAB INDIA LIMITED, POLYCAB INDIA LIMITED,Daman,Standard ToR Granted,2024-11-19T10:05:21.698+00:00,2025-01-06T07:21:41.653+00:00,32435.9,8.319,https://parivesh.nic.in/newupgrade/#/report/ec?proposalId=111847641
state,38,Dadra And Nagar Haveli And Daman And Diu,top_recent_ec,6,,,IA/DN/IND2/500703/2024,Set up of Natural Gas Distribution pipeline Networks with associated facilities by M/s. Gujarat Gas Limited at Union Territory Dadara & Nagar Haveli,GUJARAT GAS LIMITED,Dadra & Nagar Haveli,ToR Granted,2024-10-11T08:31:11.765+00:00,2024-12-19T04:07:35.330+00:00,1300.0,0.3478,https://parivesh.nic.in/newupgrade/#/report/ec?proposalId=109523574
state,38,Dadra And Nagar Haveli And Daman And Diu,top_recent_ec,7,,,FP/DN/ROAD/403082/2022,Widening of Existing road from SSR College (Ch4/0 to Canal Junction 5/5 Km.),EXECUTIVE ENGINEER ROAD DIVISION,Dadra & Nagar Haveli,Final Diversion Order Issued,2022-10-14T06:51:16.182+00:00,2024-11-18T16:40:55.198+00:00,2100.0,0.75,https://parivesh.nic.in/newupgrade/#/report/ec?proposalId=1135831
state,38,Dadra And Nagar Haveli And Daman And Diu,top_recent_ec,8,,,FP/DN/TRANS/441454/2023,Diversion of Forest land (PF/RF) for the Laying of 11KV Underground HDD Electric Cables from Silli Substation to Kilvani via Galonda., DADRA AND NAGAR HAVELI AND DAMAN AND DIU POWER DISTRIBUTION CORPORATION LIM,Dadra & Nagar Haveli,Final Diversion Order Issued,2023-08-23T07:25:38.943+00:00,2024-11-18T16:39:21.605+00:00,135.0,0.2059,https://parivesh.nic.in/newupgrade/#/report/ec?proposalId=8222262
state,38,Dadra And Nagar Haveli And Daman And Diu,top_recent_ec,9,,,FP/DN/TRANS/445128/2023,765 kV D/c Navsari-Padge Transmission line, POWER GRID CORPORATION OF INDIA LTD,Dadra & Nagar Haveli,Final Diversion Order Issued,2023-09-20T11:53:19.056+00:00,2024-10-15T05:34:32.702+00:00,89500.0,31.301,https://parivesh.nic.in/newupgrade/#/report/ec?proposalId=11323822
state,38,Dadra And Nagar Haveli And Daman And Diu,top_recent_ec,10,,,FP/DN/TRANS/453597/2023,"Diversion of Forest Land for the laying of 11 KV HDD Underground Electric Cable for the Netaji Subhas Chandra Bose Military Academy, Randha.", DADRA AND NAGAR HAVELI AND DAMAN AND DIU POWER DISTRIBUTION CORPORATION LIM,Dadra & Nagar Haveli,Final Diversion Order Issued,2023-11-28T09:43:47.226+00:00,2024-10-07T11:14:56.651+00:00,65.0,0.0289,https://parivesh.nic.in/newupgrade/#/report/ec?proposalId=27595084
state,38,Dadra And Nagar Haveli And Daman And Diu,top_cost,1,,,IA/DN/IND2/425936/2023,Expansion of Polyester manufacturing capacity and establishing r-PET unit, RELIANCE INDUSTRIES LIMITED,DADRA AND NAGAR HAVELI,,2023-04-13T05:40:50.473+00:00,,1160236.0,62.32,https://parivesh.nic.in/newupgrade/#/report/ec?proposalId=4596990
state,38,Dadra And Nagar Haveli And Daman And Diu,top_cost,2,,,IA/DN/IND2/401672/2022,Expansion of Polyester manufacturing capacity and establishing r-PET unit, RELIANCE INDUSTRIES LIMITED,DADRA AND NAGAR HAVELI,TOR GRANTED,2022-09-28T11:56:23.616+00:00,2022-11-16T18:04:13.563+00:00,1160236.0,62.32,https://parivesh.nic.in/newupgrade/#/report/ec?proposalId=955272
state,38,Dadra And Nagar Haveli And Daman And Diu,top_cost,3,,,IA/DN/CRZ/460231/2024,765 kV D/c Navsari-Padge Transmission line, POWER GRID CORPORATION OF INDIA LTD,Valsad,Under Examination with SCZMA,2024-01-29T13:10:53.569+00:00,,89500.0,31.301,https://parivesh.nic.in/newupgrade/#/report/ec?proposalId=42337606
state,38,Dadra And Nagar Haveli And Daman And Diu,top_cost,4,,,FP/DN/TRANS/445128/2023,765 kV D/c Navsari-Padge Transmission line, POWER GRID CORPORATION OF INDIA LTD,Dadra & Nagar Haveli,Final Diversion Order Issued,2023-09-20T11:53:19.056+00:00,2024-10-15T05:34:32.702+00:00,89500.0,31.301,https://parivesh.nic.in/newupgrade/#/report/ec?proposalId=11323822
state,38,Dadra And Nagar Haveli And Daman And Diu,top_cost,5,,,SIA/DN/IND2/459738/2024,M/s. Unify Texturisers Pvt. Ltd., UNIFY TEXTURISERS PRIVATE LIMITED,Dadra & Nagar Haveli,Pending at MS SEIAA,2024-01-24T09:40:34.332+00:00,,35091.0,8.33,https://parivesh.nic.in/newupgrade/#/report/ec?proposalId=41040678
state,38,Dadra And Nagar Haveli And Daman And Diu,top_cost,6,,,SIA/DN/IND2/459711/2024,M/s. Unify Texturisers Pvt. Ltd., UNIFY TEXTURISERS PRIVATE LIMITED,Dadra & Nagar Haveli,,2024-01-24T07:36:45.491+00:00,,35091.0,8.33,https://parivesh.nic.in/newupgrade/#/report/ec?proposalId=41032677
state,38,Dadra And Nagar Haveli And Daman And Diu,top_cost,7,,,SIA/DN/IND1/541591/2025,POLYCAB INDIA LIMITED, POLYCAB INDIA LIMITED,Daman,ADS Raised,2025-06-16T11:46:29.302+00:00,,32435.9,8.319,https://parivesh.nic.in/newupgrade/#/report/ec?proposalId=130061461
state,38,Dadra And Nagar Haveli And Daman And Diu,top_cost,8,,,IA/DN/IND1/506591/2025,POLYCAB INDIA LIMITED, POLYCAB INDIA LIMITED,Daman,Standard ToR Granted,2024-11-19T10:05:21.698+00:00,2025-01-06T07:21:41.653+00:00,32435.9,8.319,https://parivesh.nic.in/newupgrade/#/report/ec?proposalId=111847641
state,38,Dadra And Nagar Haveli And Daman And Diu,top_cost,9,,,FP/DN/TRANS/405851/2022,400 kV D/c Magarwada-Kala, POWER GRID CORPORATION OF INDIA LTD,Daman,Final Diversion Order Issued,2022-11-09T07:37:59.236+00:00,2024-06-11T07:10:46.699+00:00,27900.0,31.8155,https://parivesh.nic.in/newupgrade/#/report/ec?proposalId=1457574
state,38,Dadra And Nagar Haveli And Daman And Diu,top_cost,10,,,SIA/DN/INFRA2/543553/2025,"M/s. R. R. Kabel Limited, (Unit-3)",r r  kabel limited,Dadra & Nagar Haveli,Proposal Accepted and Referred to SEAC,2025-07-03T05:54:04.639+00:00,,27067.0,3.5542,https://parivesh.nic.in/newupgrade/#/report/ec?proposalId=131362779
state,38,Dadra And Nagar Haveli And Daman And Diu,top_land,1,,,IA/DN/CRZ/484933/2024,"Extension of Samudra Narayan Jetty up to pedestrian Bridge & Development of Boat Parking at Nani Daman, U.T. of DNH and Daman & Diu. Applicant: Fisheries Department, Daman",EXECUTIVE ENGINEER  PUBLIC WORKS DEPARTMENT WD I DAMAN,Daman,Under Examination with SCZMA,2024-06-29T12:34:41.969+00:00,,9071.0,12048.0,https://parivesh.nic.in/newupgrade/#/report/ec?proposalId=79839902
state,38,Dadra And Nagar Haveli And Daman And Diu,top_land,2,,,IA/DN/CRZ/406847/2022,THE WAVES ,JAYANTI D TANDEL,Daman,,2022-11-17T08:09:07.415+00:00,,1500.0,5300.0,https://parivesh.nic.in/newupgrade/#/report/ec?proposalId=1581746
state,38,Dadra And Nagar Haveli And Daman And Diu,top_land,3,,,IA/DN/IND2/425936/2023,Expansion of Polyester manufacturing capacity and establishing r-PET unit, RELIANCE INDUSTRIES LIMITED,DADRA AND NAGAR HAVELI,,2023-04-13T05:40:50.473+00:00,,1160236.0,62.32,https://parivesh.nic.in/newupgrade/#/report/ec?proposalId=4596990
state,38,Dadra And Nagar Haveli And Daman And Diu,top_land,4,,,IA/DN/IND2/401672/2022,Expansion of Polyester manufacturing capacity and establishing r-PET unit, RELIANCE INDUSTRIES LIMITED,DADRA AND NAGAR HAVELI,TOR GRANTED,2022-09-28T11:56:23.616+00:00,2022-11-16T18:04:13.563+00:00,1160236.0,62.32,https://parivesh.nic.in/newupgrade/#/report/ec?proposalId=955272
state,38,Dadra And Nagar Haveli And Daman And Diu,top_land,5,,,FP/DN/TRANS/405851/2022,400 kV D/c Magarwada-Kala, POWER GRID CORPORATION OF INDIA LTD,Daman,Final Diversion Order Issued,2022-11-09T07:37:59.236+00:00,2024-06-11T07:10:46.699+00:00,27900.0,31.8155,https://parivesh.nic.in/newupgrade/#/report/ec?proposalId=1457574
state,38,Dadra And Nagar Haveli And Daman And Diu,top_land,6,,,IA/DN/CRZ/460231/2024,765 kV D/c Navsari-Padge Transmission line, POWER GRID CORPORATION OF INDIA LTD,Valsad,Under Examination with SCZMA,2024-01-29T13:10:53.569+00:00,,89500.0,31.301,https://parivesh.nic.in/newupgrade/#/report/ec?proposalId=42337606
state,38,Dadra And Nagar Haveli And Daman And Diu,top_land,7,,,FP/DN/TRANS/445128/2023,765 kV D/c Navsari-Padge Transmission line, POWER GRID CORPORATION OF INDIA LTD,Dadra & Nagar Haveli,Final Diversion Order Issued,2023-09-20T11:53:19.056+00:00,2024-10-15T05:34:32.702+00:00,89500.0,31.301,https://parivesh.nic.in/newupgrade/#/report/ec?proposalId=11323822
state,38,Dadra And Nagar Haveli And Daman And Diu,top_land,8,,,IA/DN/CRZ/533444/2025,"Development of Modern Fishing Harbour at Vanakbara, Diu",HITESHKUMAR DHIRAJLAL DHUKA,Diu,Under Examination with SCZMA,2025-04-09T11:10:16.994+00:00,,12936.0,28.74,https://parivesh.nic.in/newupgrade/#/report/ec?proposalId=124556607
state,38,Dadra And Nagar Haveli And Daman And Diu,top_land,9,,,IA/DN/CRZ/523159/2025,400 kV M/c Navsari-Magarwada Transmission Line, POWER GRID CORPORATION OF INDIA LTD,Daman,Under Examination with SCZMA,2025-02-08T12:50:20.397+00:00,,6845.0,22.6504,https://parivesh.nic.in/newupgrade/#/report/ec?proposalId=119634042
state,38,Dadra And Nagar Haveli And Daman And Diu,top_land,10,,,IA/DN/CRZ/534778/2025,"Construction of Diaphragm Wall from Ghoghla Bridge to Diu Fort, Jalandhar and Gangeshwar Area to Control Erosion and Development of Coastal Promenade from Ghoghla Bridge to Diu Fort and Development of Public Amenities including Cable Car Terminal (Ropeways) from Diu to Ghoghla",HITESHKUMAR DHIRAJLAL DHUKA,Diu,Under Examination with SCZMA,2025-04-21T10:56:20.969+00:00,,4947.0,14.67,https://parivesh.nic.in/newupgrade/#/report/ec?proposalId=125265339
